问题,日期,计划购电量_kWh,最终购电量_kWh,紧急购电量_kWh,充电量_kWh,放电量_kWh,弃电量_kWh,日总费用_元,日初储电量_kWh,日末储电量_kWh
问题2,2025-02-01,58096.37910520291,58096.37910520291,0.0,15256.492325007908,12357.758783256408,20819.469630118077,32003.428973697002,10800.0,10800.0
问题2,2025-02-02,73655.88455685474,73655.88455685474,8984.347735876792,22330.485667897432,18336.646321691536,290.11499652564214,97317.68434248134,10800.0,10523.385632561538
问题2,2025-02-03,92291.75666121795,92291.75666121795,0.0,22145.05037319056,17688.537871589742,7618.327659617134,58369.94678510674,10523.385632561538,10800.0
问题2,2025-02-04,93875.00111955128,93875.00111955128,0.0,22524.64398004116,18244.96162383334,8400.454813343458,59517.51960980993,10800.0,10800.0
问题2,2025-02-05,91872.56578,91872.56578,0.0,23058.746846707807,18677.58494583333,6742.976895792193,58049.968743952384,10800.0,10800.0
问题2,2025-02-06,92327.85349522428,92327.85349522428,0.0,21899.51749115226,17738.609167833332,7895.887955238688,58460.14858785702,10800.0,10800.0
问题2,2025-02-07,75741.98759633332,75741.98759633332,0.0,11221.04942674897,9089.050035666667,41804.30853858436,45380.55701308756,10800.0,10800.0
问题2,2025-02-08,52010.404799707816,52010.404799707816,0.0,15680.11101275721,12700.889920333335,17454.020990617275,28363.683431754576,10800.0,10800.0
问题2,2025-02-09,67401.09987861315,67401.09987861315,15254.798128129436,18388.213794724277,15294.332287981673,6.6005333333334875,130621.17779759059,10800.0,10355.689873049998
问题2,2025-02-10,89995.34601439507,89995.34601439507,0.0,20495.921742495884,16201.817497166667,11374.60418573251,56603.52147414918,10355.689873049998,10800.0
问题2,2025-02-11,87713.11744844857,87713.11744844857,0.0,21921.629070164607,17756.519546833333,8327.410791783954,55044.844091779385,10800.0,10800.0
问题2,2025-02-12,87604.77381388066,87604.77381388066,0.0,21090.831534979425,17083.573543333336,8330.779688901233,55002.28418297399,10800.0,10800.0
问题2,2025-02-13,87159.50942664608,87159.50942664608,0.0,19384.624002469136,15701.545442,12146.951849510286,54702.766991275814,10800.0,10800.0
问题2,2025-02-14,67639.6725185535,67639.6725185535,0.0,11289.222016460906,9144.269833333334,35692.91851875926,40002.816173491214,10800.0,10800.0
问题2,2025-02-15,48541.55783923663,48541.55783923663,0.0,15904.713989917702,12882.818331833332,16239.571081152262,26235.410685598767,10800.0,10800.0
问题2,2025-02-16,65200.74978864197,65200.74978864197,13382.803002936664,19072.166056141978,15892.52383123,26.531466666666688,117420.1478107557,10800.0,10306.58963805
问题2,2025-02-17,84368.13317970576,84368.13317970576,0.0,19589.934221565843,15595.625319666664,9189.961111139915,52562.30633317403,10306.58963805,10609.057860051853
问题2,2025-02-18,82453.31147429167,82453.31147429167,0.0,20920.955069952677,16774.125680708334,6215.094301713992,51180.147832360875,10609.057860051853,10800.0
问题2,2025-02-19,82766.39375099588,82766.39375099588,0.0,22110.838215432093,17909.778954499998,5686.007106730462,51508.0768470396,10800.0,10800.0
问题2,2025-02-20,81267.36250214167,81267.36250214167,15.23321849999968,20796.471456584357,16845.141879833332,6338.13241055731,50573.868585171076,10800.0,10800.0
问题2,2025-02-21,65325.63855729218,65325.63855729218,0.0,11062.915027366249,8960.961172166662,37663.42266875926,38313.89533230361,10800.0,10800.0
问题2,2025-02-22,44394.44307253086,44394.44307253086,0.0,15998.017157407405,12958.393897500002,13510.056929290127,24010.94496042371,10800.0,10800.0
问题2,2025-02-23,61706.564253598764,61706.564253598764,12939.073550397901,18644.722796166665,15556.18229217,25.24361666666664,113531.23943319601,10800.0,10295.60352525
问题2,2025-02-24,80136.31825644666,80136.31825644666,0.0,20691.88185861317,16367.912045999998,7609.314827166832,49347.72692685948,10295.60352525,10731.728258001855
问题2,2025-02-25,78795.15603381334,78795.15603381334,20.947333333333177,20129.092635372428,16243.120466853332,9108.80796529424,48652.938936423074,10731.728258001855,10800.0
问题2,2025-02-26,77265.90340604939,77265.90340604939,0.0,21139.57652078189,17123.056981833335,4434.53583376749,47663.429814818155,10800.0,10800.0
问题2,2025-02-27,78058.36687475514,78058.36687475514,0.0,22358.59886090535,18110.465077333334,6853.648891183129,48024.06077323409,10800.0,10800.0
问题2,2025-02-28,60871.403199923865,60871.403199923865,0.0,11511.221066049377,9324.0890635,35391.67764737449,35678.54700546764,10800.0,10800.0
问题2,2025-03-01,41844.56967939666,41844.56967939666,0.0,16433.415746423874,13311.066754603336,15063.45475424279,22722.022983105104,10800.0,10800.0
问题2,2025-03-02,57317.88508479423,57317.88508479423,17547.470710934096,15563.113503666667,13056.064774605002,0.0,138226.1454970942,10800.0,10300.063514849999
问题2,2025-03-03,78382.57110996333,78382.57110996333,170.36768956666378,23922.229304277775,19365.174294970002,1978.7371568888907,49377.113966780926,10300.063514849999,10313.209560955554
问题2,2025-03-04,77698.94052772017,77698.94052772017,0.0,22285.459307411526,17632.486891666667,3846.510178641968,47889.31799042651,10313.209560955554,10778.470835774073
问题2,2025-03-05,77538.35636802056,77538.35636802056,0.0,20815.016329181075,16840.786978833334,7433.655001006168,47533.65580242836,10778.470835774073,10800.0
问题2,2025-03-06,75331.21991208436,75331.21991208436,0.0,20841.206212345674,16881.377032,5430.736598405356,46318.41954326983,10800.0,10800.0
问题2,2025-03-07,59756.211349302466,59756.211349302466,0.0,11473.878125720159,9293.84128183333,36653.888972082306,34644.349046431875,10800.0,10800.0
问题2,2025-03-08,39795.9239425,39795.9239425,0.0,17254.875636625515,13976.449265666666,17454.358054874483,21814.533020764102,10800.0,10800.0
问题2,2025-03-09,55525.604270962955,55525.604270962955,11305.886190909361,18592.18648588066,15477.774708008332,383.5536340000001,101234.26447882976,10800.0,10335.44038395
问题2,2025-03-10,75590.31298525308,75590.31298525308,0.0,21722.855063419753,17216.1024195,3041.4888913333307,46393.40689384859,10335.44038395,10757.007252694444
问题2,2025-03-11,76820.58449525513,76820.58449525513,0.0,19489.284311409465,15747.626819666668,9140.00820351234,46877.89203903383,10757.007252694444,10800.0
问题2,2025-03-12,73729.46141518107,73729.46141518107,0.0,20051.761396296286,16241.926730999996,7484.092066551446,44999.46164560732,10800.0,10800.0
问题2,2025-03-13,72880.250832786,72880.250832786,462.45571250666774,21702.918838469133,17579.364259159996,1673.5339493168713,47323.99636032304,10800.0,10800.0
问题2,2025-03-14,59928.18316897118,59928.18316897118,0.0,11306.886748971196,9158.578266666666,41750.44870333333,34612.5421711522,10800.0,10800.0
问题2,2025-03-15,38680.77483766667,38680.77483766667,0.0,17842.627558230448,14452.528322166665,14366.550451602883,21186.67697673353,10800.0,10800.0
问题2,2025-03-16,53628.102043907405,53628.102043907405,12532.917315710496,16822.82226573457,14068.583492949998,55.733653500000514,109412.66709602454,10800.0,10308.780602550001
问题2,2025-03-17,74481.69481355092,74481.69481355092,0.0,18548.094242123458,14622.414210374998,12697.883348469135,45258.89341338502,10308.780602550001,10754.938520044449
问题2,2025-03-18,70313.86470576249,70313.86470576249,387.1759496683317,21335.733846456787,17241.38908367,5480.737525977368,44512.50307805193,10754.938520044449,10800.0
问题2,2025-03-19,71446.40372174897,71446.40372174897,0.0,20272.062414403284,16420.37055566667,8129.241413012348,43469.19741182726,10800.0,10800.0
问题2,2025-03-20,72353.36175816666,72353.36175816666,0.0,20014.587885185185,16211.816187,6341.628243314814,44014.54771808641,10800.0,10800.0
问题2,2025-03-21,55030.41788793826,55030.41788793826,0.0,11236.764567901237,9101.7793,40861.96810337037,32157.634569923335,10800.0,10800.0
问题2,2025-03-22,37818.99146233333,37818.99146233333,0.0,17414.23382716049,14105.5294,18629.087301839507,20640.94958749442,10800.0,10800.0
问题2,2025-03-23,50594.30475459259,50594.30475459259,11123.518445178333,17150.648529425922,14244.618029654996,42.07258333333334,97146.95712743407,10800.0,10408.2303102
问题2,2025-03-24,68109.52541481276,68109.52541481276,0.0,20981.57702117695,16642.48466633333,5771.935976635804,41128.78537400492,10408.2303102,10800.0
问题2,2025-03-25,69107.58937802468,69107.58937802468,0.0,20764.871945061725,16819.5462755,4212.138991796298,41870.251177664475,10800.0,10800.0
问题2,2025-03-26,70149.54866187037,70149.54866187037,0.0,18772.56544691357,15205.778011999999,10990.206360290136,42544.02035514347,10800.0,10800.0
问题2,2025-03-27,68482.07127620782,68482.07127620782,0.0,19856.85147674896,16084.049696166661,5992.28009562552,41402.22953458291,10800.0,10800.0
问题2,2025-03-28,52019.07682705761,52019.07682705761,0.0,11406.047921810696,9238.898816666666,39030.046955246915,30279.034976147195,10800.0,10800.0
问题2,2025-03-29,36997.759156,36997.759156,0.0,17318.781571810694,14028.213073166662,25999.98147402264,19962.863567200533,10800.0,10800.0
问题2,2025-03-30,46221.86900516666,46221.86900516666,12182.792001999997,18019.2751095,14966.562969000004,6.3291666666666515,98581.48072344864,10800.0,10387.833188550003
问题2,2025-03-31,66699.2606660247,66699.2606660247,0.0,19283.056950376533,15248.325999499999,5713.1402318148275,40122.197543532566,10387.833188550003,10800.0
问题2,2025-04-01,68329.2511094806,68329.2511094806,0.0,19783.160399388886,16024.359923504995,4361.5991169300405,40939.328876911604,10800.0,10800.0
问题2,2025-04-02,67977.09897126132,67977.09897126132,1212.3304001666672,21023.70769691357,17029.203234499997,4759.58950901441,46524.2536803989,10800.0,10800.0
问题2,2025-04-03,69645.75279349176,69645.75279349176,0.0,18702.309803703698,15148.870940999997,10228.783664121403,41958.71877171987,10800.0,10800.0
问题2,2025-04-04,50399.03871507614,50399.03871507614,0.0,10728.762736625511,8690.297816666665,41929.77154511729,29256.449908367318,10800.0,10800.0
问题2,2025-04-05,36030.80640916666,36030.80640916666,0.0,17410.50580329218,14102.50970066667,20678.695323207816,19345.49647408865,10800.0,10800.0
问题2,2025-04-06,46365.08103701001,46365.08103701001,11290.507449323324,18242.0505565,15046.320253500005,49.78191666666669,94440.3799112442,10800.0,10499.711885850002
问题2,2025-04-07,66238.10402776748,66238.10402776748,0.0,19469.302080742797,15499.875382666667,9025.958046358028,39431.0995666862,10499.711885850002,10800.0
问题2,2025-04-08,66499.68685461728,66499.68685461728,104.15124999999671,21286.729614197528,17242.2509875,8206.165861253086,39886.95951181763,10800.0,10800.0
问题2,2025-04-09,67245.67565444016,67245.67565444016,0.0,19254.747914131687,15596.345810446664,4452.962534088473,40400.638021014536,10800.0,10800.0
问题2,2025-04-10,68363.34339880245,68363.34339880245,0.0,19537.363805349785,15825.26468233333,10190.606375786012,40848.36392156319,10800.0,10800.0
问题2,2025-04-11,48336.404603811665,48336.404603811665,0.0,12048.828087269536,9759.550750688333,40730.47710056379,28225.535812197842,10800.0,10800.0
问题2,2025-04-12,35451.87098283334,35451.87098283334,0.0,16833.188420987644,13634.882620999997,23228.40463284569,18935.76268991027,10800.0,10800.0
问题2,2025-04-13,44436.62589867167,44436.62589867167,12806.289957494999,17166.424068166663,14259.281715000001,59.41501966666692,101476.34610219303,10800.0,10406.135311349999
问题2,2025-04-14,64592.92289833128,64592.92289833128,0.0,20070.380836154316,15902.530257499995,7897.040519676957,38339.29587369652,10406.135311349999,10800.0
问题2,2025-04-15,64174.27676413786,64174.27676413786,0.0,17978.49724794238,14562.582770833333,10618.933453695474,38244.371088715685,10800.0,10800.0
问题2,2025-04-16,64522.96702027572,64522.96702027572,0.0,19565.62517716049,15848.156393500001,5025.906286615228,38403.24404247056,10800.0,10800.0
问题2,2025-04-17,65821.8312053683,65821.8312053683,0.0,18935.30590144033,15337.597780166667,9355.780734094657,39117.784951814334,10800.0,10800.0
问题2,2025-04-18,46988.704834410004,46988.704834410004,0.0,11833.41752253909,9585.068193256668,38386.23832179424,27321.162991388595,10800.0,10800.0
问题2,2025-04-19,34147.43249216667,34147.43249216667,0.0,17585.190466666674,14244.004278,24021.567053499995,18052.900385911133,10800.0,10800.0
问题2,2025-04-20,43685.552287,43685.552287,11350.546776166666,18415.725658333333,15337.3714785,0.0,91611.18856461767,10800.0,10332.6292275
问题2,2025-04-21,63122.6172117428,63122.6172117428,0.0,18774.31452940123,14895.253228333331,10726.645527341565,37177.33550940107,10332.6292275,10679.230939146299
问题2,2025-04-22,60243.55781298972,60243.55781298972,0.0,18867.782498685177,15174.211669166665,4397.057666804541,35905.27515539434,10679.230939146299,10800.0
问题2,2025-04-23,64126.54903480864,64126.54903480864,0.0,18375.20195781893,14883.91358583333,9235.34394615638,37753.10798851519,10800.0,10800.0
问题2,2025-04-24,62704.686635549384,62704.686635549384,0.0,18089.48866193415,14652.485816166665,12177.577089781898,37052.41582128723,10800.0,10800.0
问题2,2025-04-25,45124.12875816666,45124.12875816666,0.0,12612.57307037037,10216.184186999999,40727.38222479629,26158.313819606377,10800.0,10800.0
问题2,2025-04-26,33359.03645116667,33359.03645116667,0.0,17232.909915226333,13958.657031333332,30014.589933940333,17447.548397915052,10800.0,10800.0
问题2,2025-04-27,42484.493913,42484.493913,10023.305921403327,20872.48068466667,17287.05006693,348.8980333333306,81533.71294584029,10800.0,10377.399208499997
问题2,2025-04-28,59569.485588362135,59569.485588362135,1707.3668906166604,17735.43208492387,14248.90075588334,1168.3538332716048,47061.544802177516,10377.399208499997,10507.176133949997
问题2,2025-04-29,65349.592469833326,65349.592469833326,0.0,17616.592376886834,14005.898345833331,14305.684722113167,38287.53783733616,10507.176133949997,10800.0
问题2,2025-04-30,60316.03921533745,60316.03921533745,0.0,17369.38404979423,14069.201080333332,8759.00181254322,35876.38042130308,10800.0,10800.0
问题2,2025-05-01,58727.686862765004,58727.686862765004,1762.1583831283374,18915.928993580237,15758.219685439992,6320.757137753095,46509.69014604616,10800.0,10315.203110399998
问题2,2025-05-02,46512.083255306665,46512.083255306665,0.0,13733.460994444446,10687.786204859996,29176.088382388883,27568.320644100364,10315.203110399998,10800.0
问题2,2025-05-03,35399.85179966667,35399.85179966667,0.0,18484.918222633736,14972.783760333328,23020.545687366262,19342.287948333,10800.0,10800.0
问题2,2025-05-04,44233.46581716667,44233.46581716667,10284.45682459166,18074.8231245,15356.990616075,65.42280000000005,87339.53675117638,10800.0,10004.0179053
问题2,2025-05-05,64281.954251701645,64281.954251701645,299.53935179166524,20551.047371300407,16565.44480420833,5519.884236401239,40448.1563644492,10004.0179053,10093.910757016667
问题2,2025-05-06,63243.36274039505,63243.36274039505,72.38572447166659,19958.803650648144,16366.107429361666,6852.969876913587,38514.37826789691,10093.910757016667,9872.270232198149
问题2,2025-05-07,62802.486463051435,62802.486463051435,675.042932991666,19614.495960938275,15786.051877508333,4581.239362613158,42401.58927154297,9872.270232198149,9985.258955366666
问题2,2025-05-08,65063.592954948566,65063.592954948566,35.999250000000075,19445.524389878596,15085.717347333331,4913.272762403304,40232.207723156345,9985.258955366666,10724.322742553706
问题2,2025-05-09,52385.14907756551,52385.14907756551,0.0,9789.09942000205,7861.060998500002,41957.72480606347,31254.925641140788,10724.322742553706,10800.0
问题2,2025-05-10,36945.325048,36945.325048,0.0,17293.483724485595,14007.721816833333,21538.517857014398,20878.952662671385,10800.0,10800.0
问题2,2025-05-11,46443.747322359995,46443.747322359995,11810.847025839994,16107.153544333332,13400.753869800003,64.11559033333356,99973.16470455822,10800.0,10406.7116679
问题2,2025-05-12,67172.35074764198,67172.35074764198,0.0,16249.45197085185,12808.0965975,11799.800140956793,40766.281976016246,10406.7116679,10800.0
问题2,2025-05-13,64689.6334489609,64689.6334489609,0.0,18082.40185679012,14646.745503999999,8124.764329504111,39449.814185499374,10800.0,10800.0
问题2,2025-05-14,66273.51105695884,66273.51105695884,0.0,17422.956577366254,14112.594827666664,9949.00052392593,40384.28670584579,10800.0,10800.0
问题2,2025-05-15,66243.3607025576,66243.3607025576,0.0,17777.090554115224,14399.44334883333,10100.655213942386,40201.5187727403,10800.0,10800.0
问题2,2025-05-16,49737.59791113167,49737.59791113167,0.0,10929.572241812748,8852.953515868332,44945.47265185392,29892.8007383514,10800.0,10800.0
问题2,2025-05-17,36328.34979016667,36328.34979016667,0.0,17414.52425987654,14105.7646505,22570.79109745679,20400.037821546535,10800.0,10800.0
问题2,2025-05-18,47072.86005212666,47072.86005212666,9565.151968168331,16694.271534,13834.107191205,101.67957750000028,85389.53046031587,10800.0,10453.61416815
问题2,2025-05-19,65278.9637355926,65278.9637355926,28.57876666666664,17387.74291213786,13772.324510166667,14176.907550288077,39659.5005323219,10453.61416815,10800.0
问题2,2025-05-20,62965.509566341556,62965.509566341556,0.0,17421.821137242798,14111.675121166667,5127.968733598761,38467.8814672171,10800.0,10800.0
问题2,2025-05-21,66384.75336881276,66384.75336881276,0.0,16174.875775720157,13101.649378333332,11948.911688092607,40321.53643754075,10800.0,10800.0
问题2,2025-05-22,65005.44994428601,65005.44994428601,0.0,16820.606180246912,13624.691006,10992.903953372439,39856.06639569548,10800.0,10800.0
问题2,2025-05-23,47639.267053715,47639.267053715,0.0,12491.926529158436,10118.460488618337,38844.852129841565,28873.223846596775,10800.0,10800.0
问题2,2025-05-24,36312.2524385,36312.2524385,0.0,17169.450843621395,13907.255183333331,29295.555394878596,20627.646291502882,10800.0,10800.0
问题2,2025-05-25,44683.709570833336,44683.709570833336,7644.995793833337,20443.92490983333,16769.481812999995,109.2520844999998,71286.71297180289,10800.0,10566.774848849998
问题2,2025-05-26,61870.214969926674,61870.214969926674,0.0,18486.208782026733,14763.92647740666,3568.099715306602,38008.19563571784,10566.774848849998,10800.0
问题2,2025-05-27,66834.50880220371,66834.50880220371,0.0,16552.45922674897,13407.491973666667,14299.174249121405,40552.33571641242,10800.0,10800.0
问题2,2025-05-28,63237.483263072005,63237.483263072005,0.0,17519.154322839502,14190.5150015,7635.019841732514,38824.55448143819,10800.0,10800.0
问题2,2025-05-29,64799.504649814815,64799.504649814815,17.817433333333383,18335.859443209873,14852.046149,7223.385288938277,39558.19543593469,10800.0,10800.0
问题2,2025-05-30,49824.554340179995,49824.554340179995,0.0,10446.610132493826,8461.754207320002,41243.46514833951,29858.648171982408,10800.0,10800.0
问题2,2025-05-31,35770.33021766666,35770.33021766666,0.0,17758.206981275718,14384.147654833332,24007.089341224284,19998.89474567578,10800.0,10800.0
问题2,2025-06-01,44487.5001795,44487.5001795,27220.70509516667,9576.194273666666,9092.815298999996,0.0,174486.1262145919,10800.0,9315.4467363
问题2,2025-06-02,75020.05759868228,75020.05759868228,2386.075156579999,20529.319996765433,16844.515395521667,5080.520704018516,61998.47191532167,9315.4467363,9075.706516142594
问题2,2025-06-03,72744.27423091153,72744.27423091153,317.6278119933326,22248.842721674904,18148.10261884,768.7951067366255,46664.701088845475,9075.706516142594,8935.106500272224
问题2,2025-06-04,74459.5329960679,74459.5329960679,755.2282161799951,20606.589934979427,16869.914102153336,1832.824562755136,50701.719298403325,8935.106500272224,8736.688439361116
问题2,2025-06-05,76261.55232428247,76261.55232428247,930.0976066249981,22252.032132695473,18078.347668860002,1868.6474504053467,53020.90040760424,8736.688439361116,8676.464393387041
问题2,2025-06-06,60405.156276265436,60405.156276265436,0.0,13024.903542121385,8638.989823166667,25164.24715731071,36231.27496459219,8676.464393387041,10800.0
问题2,2025-06-07,43169.04131747833,43169.04131747833,0.0,17296.033711960896,14009.787306688326,8756.2817455391,25116.244730075116,10800.0,10800.0
问题2,2025-06-08,65288.10954453293,65288.10954453293,4225.297833726668,19841.352081783945,16483.44855794,970.580587748977,66161.52390306233,10800.0,10342.274031449999
问题2,2025-06-09,79972.5783375679,79972.5783375679,37.191112333333194,22154.46073398559,17533.15982283333,4455.755805415645,50016.91782698082,10342.274031449999,10800.0
问题2,2025-06-10,82910.55934066666,82910.55934066666,0.0,20196.306313785994,16359.008114166663,7454.816907714004,51997.787204342545,10800.0,10800.0
问题2,2025-06-11,84111.3021794609,84111.3021794609,602.9228233333304,23301.073844650193,18873.869814166665,4202.574655644037,55347.89084868458,10800.0,10800.0
问题2,2025-06-12,87681.40622159465,87681.40622159465,0.0,19652.022932510285,15918.138575333332,11495.130431084366,55343.77642998952,10800.0,10800.0
问题2,2025-06-13,71596.35942304526,71596.35942304526,0.0,9938.688222222223,8050.33746,41362.69496082304,43498.79014243499,10800.0,10800.0
问题2,2025-06-14,51101.42174575925,51101.42174575925,0.0,11296.76510288066,9150.379733333335,22761.693626211927,29763.697875161313,10800.0,10800.0
问题2,2025-06-15,62376.1647049218,62376.1647049218,11101.41832823666,15214.43685525514,12538.14419909667,174.3160436666666,109015.30476033583,10800.0,10561.7218374
问题2,2025-06-16,86099.78837233127,86099.78837233127,0.0,21204.51527840329,16961.207029166664,9162.42730642798,54167.585480162816,10561.7218374,10800.0
问题2,2025-06-17,87822.79782980247,87822.79782980247,8.137483333333307,21198.58574588477,17170.854454166663,9166.19280475103,55367.056978703644,10800.0,10800.0
问题2,2025-06-18,90583.485025,90583.485025,0.0,17275.916568724275,13993.492420666667,16372.66997694239,57549.22303507461,10800.0,10800.0
问题2,2025-06-19,87782.50004954732,87782.50004954732,48.72666933333312,19104.645061522628,15474.762499833334,15941.839957191363,55748.50425049578,10800.0,10800.0
问题2,2025-06-20,71081.33729640124,71081.33729640124,0.0,8750.899859465018,7088.228886166664,47018.08547310289,43086.03959227477,10800.0,10800.0
问题2,2025-06-21,48946.29955551,48946.29955551,0.0,13299.806574678998,10772.843325489997,27084.595906321003,28848.658967634226,10800.0,10800.0
问题2,2025-06-22,63485.29654681688,63485.29654681688,7243.28889514869,17347.78453135391,14192.640123721674,116.09993433333364,85938.56116701048,10800.0,10643.40594075
问题2,2025-06-23,87159.40834364833,87159.40834364833,0.0,19206.413317502054,15416.260133851665,16307.969159997949,54841.02184220964,10643.40594075,10800.0
问题2,2025-06-24,87479.32445566668,87479.32445566668,546.5524544533336,22298.83256651852,18062.05437888,7520.306472481487,58041.44330844903,10800.0,10800.0
问题2,2025-06-25,91013.80085512757,91013.80085512757,0.0,18591.745160082304,15059.313579666668,17043.947908045277,57739.46182935205,10800.0,10800.0
问题2,2025-06-26,87292.18999235185,87292.18999235185,18.48919350000017,19093.818133127574,15465.992687833332,16135.469907224278,55169.00973915306,10800.0,10800.0
问题2,2025-06-27,69278.79122237655,69278.79122237655,0.0,9142.160718724275,7405.150182166665,47770.13481915227,41860.323401971094,10800.0,10800.0
问题2,2025-06-28,46462.03558063667,46462.03558063667,0.0,14744.784075962956,11943.275101529995,21883.600489537042,27347.868362062345,10800.0,10800.0
问题2,2025-06-29,64302.452266563785,64302.452266563785,8540.794286188338,17250.06305573045,14010.66969431166,336.08465799999965,92873.93829193941,10800.0,10757.645978699999
问题2,2025-06-30,85862.3752005967,85862.3752005967,9.666232333333255,19489.38824876955,15748.28586233333,12253.255063160495,54161.16785143955,10757.645978699999,10800.0
问题2,2025-07-01,88954.95417427365,88954.95417427365,1223.1378284816672,21341.74862839507,17786.457373685,7756.256714711927,63782.17064385957,10800.0,10244.843350350002
问题2,2025-07-02,90834.5368810967,90834.5368810967,187.4930484999993,18057.117531648146,14635.266637999997,14695.412669281894,58657.91278901957,10244.843350350002,10234.841753277782
问题2,2025-07-03,86568.6594475926,86568.6594475926,326.7750013766643,21822.20364935597,17760.358501623334,3073.170367903286,56521.73603423112,10234.841753277782,10141.093369227783
问题2,2025-07-04,72488.55821191358,72488.55821191358,0.0,11270.985262997936,8536.482095333333,40873.187577582314,44299.827659689574,10141.093369227783,10800.0
问题2,2025-07-05,50278.729621252685,50278.729621252685,0.0,17888.88556711933,14489.99730936666,18089.76139683334,30219.941316924924,10800.0,10800.0
问题2,2025-07-06,66205.88215647325,66205.88215647325,15816.219854969993,15296.314448473251,13166.454102863334,98.26011583333366,138881.3571787137,10800.0,9937.289556
问题2,2025-07-07,91126.79710711111,91126.79710711111,87.70113966666634,18214.60143638477,14713.104371166664,14303.518414893006,58463.005959694834,9937.289556,9982.537103005554
问题2,2025-07-08,90871.67740975309,90871.67740975309,18.49285416666646,20501.358348100817,15870.383654666664,10687.808553818933,57618.018141922454,9982.537103005554,10800.0
问题2,2025-07-09,89580.74356473834,89580.74356473834,0.0,18093.845542092593,14656.014889094997,12084.187895074074,57059.91057882237,10800.0,10800.0
问题2,2025-07-10,90484.83281623044,90484.83281623044,10.527582166666775,18942.403003541145,15343.34643286833,14042.680444390955,57455.315874995234,10800.0,10800.0
问题2,2025-07-11,71301.93895939548,71301.93895939548,0.0,10369.931778927974,8399.644740931662,36812.87477139918,44499.568883070126,10800.0,10800.0
问题2,2025-07-12,53304.490815055,53304.490815055,0.0,16733.895537174885,13554.455385111658,19040.807329658448,32440.43528502941,10800.0,10800.0
问题2,2025-07-13,70009.6679742924,70009.6679742924,3998.5989135633263,20226.23491290741,16585.732542885,1100.0441178333333,69772.09252725595,10800.0,10575.0197073
问题2,2025-07-14,84822.37044835184,84822.37044835184,0.0,18865.047983246914,15078.206602999999,9227.849851438274,53673.21497952378,10575.0197073,10800.0
问题2,2025-07-15,86408.51080305342,86408.51080305342,0.0,18106.666610666663,14666.39995464,10219.193563693425,55006.985149963795,10800.0,10800.0
问题2,2025-07-16,86263.77335127983,86263.77335127983,7.2741391666666,18845.07359979424,15264.509615833333,10555.92012315226,54490.11481099764,10800.0,10800.0
问题2,2025-07-17,85673.82493384156,85673.82493384156,0.0,20410.959227572006,16532.876974333332,9075.326613936222,54323.939379727635,10800.0,10800.0
问题2,2025-07-18,71551.7303827406,71551.7303827406,0.0,9262.772206172838,7502.845486999999,38517.55556356776,44630.93194662193,10800.0,10800.0
问题2,2025-07-19,53242.38295583333,53242.38295583333,0.0,16405.546318106986,13288.492517666664,22942.510105393012,32570.106055115535,10800.0,10800.0
问题2,2025-07-20,64009.28418323084,64009.28418323084,10856.529920197492,14294.491427436215,11750.910388238332,232.2548475637855,110963.51919405654,10800.0,10608.47518665
问题2,2025-07-21,86066.41031602805,86066.41031602805,0.0,19679.030340347734,15767.642243666667,8165.272869346997,54521.53675683963,10608.47518665,10800.0
问题2,2025-07-22,88075.33189939382,88075.33189939382,0.0,19512.733746419748,15805.314334599994,10572.767870907406,55750.16089792998,10800.0,10800.0
问题2,2025-07-23,87400.43327176131,87400.43327176131,0.0,20548.573749176947,16644.344736833333,9279.657142751039,55366.06660123888,10800.0,10800.0
问题2,2025-07-24,88309.93681636627,88309.93681636627,0.0,18410.990456995874,14912.902270166665,11195.376629537051,56261.07684198972,10800.0,10800.0
问题2,2025-07-25,73028.5830078529,73028.5830078529,0.0,9050.481267283947,7330.889826499999,44803.67200040228,45543.45333864336,10800.0,10800.0
问题2,2025-07-26,53513.519454,53513.519454,0.0,17013.42407427983,13780.873500166663,21811.87731322017,32907.168279166915,10800.0,10800.0
问题2,2025-07-27,66860.10948249383,66860.10948249383,9918.98686599928,16070.558608384776,13151.827900391665,175.1758405000004,105794.07066174477,10800.0,10650.360636000001
问题2,2025-07-28,88793.54564283128,88793.54564283128,0.0,20384.509606707816,16376.777353833331,6830.936156623461,56424.237715438256,10650.360636000001,10800.0
问题2,2025-07-29,90991.8103712525,90991.8103712525,14.135649999999714,19006.513806790117,15395.2761835,11325.462447962394,57983.12404560168,10800.0,10800.0
问题2,2025-07-30,89717.20277983834,89717.20277983834,0.0,19014.84129299794,15402.02144732833,12001.128884168727,56896.18707651472,10800.0,10800.0
问题2,2025-07-31,88413.74993262225,88413.74993262225,1.4930631666666159,20245.608385596708,16398.94279233333,9873.58113585889,55997.163448220526,10800.0,10800.0
问题2,2025-08-01,70765.07444157066,70765.07444157066,0.0,8943.014680452672,7243.841891166665,47814.54198561798,43978.92431866181,10800.0,10800.0
问题2,2025-08-02,51247.969339309995,51247.969339309995,0.0,17060.184266283944,13818.749255689998,27079.50939538272,31202.530868835587,10800.0,10800.0
问题2,2025-08-03,63093.73575676228,63093.73575676228,3443.5742761666597,20907.452254711934,17362.15899002167,152.53678490535015,61268.14232887438,10800.0,10325.41926255
问题2,2025-08-04,83239.2417846339,83239.2417846339,0.0,17831.6290425432,14016.496860754996,14008.454519512356,52541.67428070441,10325.41926255,10800.0
问题2,2025-08-05,83177.39897346914,83177.39897346914,0.521107499999971,18001.59231255144,14581.289773166667,14605.307808251036,52365.01732160026,10800.0,10800.0
问题2,2025-08-06,81921.55005043003,81921.55005043003,0.0,18419.365914609054,14919.68639083333,10307.471259987651,51490.07526528844,10800.0,10800.0
问题2,2025-08-07,83426.39629920988,83426.39629920988,0.0,18487.81184074073,14975.127591,16525.72679946914,52692.69006041705,10800.0,10800.0
问题2,2025-08-08,62245.296274665,62245.296274665,0.0,12553.476270989706,10168.315779501663,44084.96453317696,39248.26014919605,10800.0,10800.0
问题2,2025-08-09,49060.74593616666,49060.74593616666,0.0,17269.492003909465,13988.288523166666,26857.613455423863,29640.478186615168,10800.0,10800.0
问题2,2025-08-10,58458.22989366666,58458.22989366666,9903.743097553335,17644.854908499998,14652.90510678,65.40413950000027,97943.39979586816,10800.0,10399.363743449998
问题2,2025-08-11,78602.29228288065,78602.29228288065,18.494350000000168,19623.103764890948,15534.141418666666,9970.570953323046,49781.13106443043,10399.363743449998,10800.0
问题2,2025-08-12,78246.40458676954,78246.40458676954,8.212303666667026,18159.21645555555,14708.965329,7043.822113880662,49317.63280072871,10800.0,10800.0
问题2,2025-08-13,80600.31612844237,80600.31612844237,3.1030101666666496,18028.59980308642,14603.165840499998,11057.005726022628,51032.89985352522,10800.0,10800.0
问题2,2025-08-14,77985.91103320576,77985.91103320576,44.20586116666664,20303.286606584363,16445.662151333334,8246.20145578807,49452.7581007035,10800.0,10800.0
问题2,2025-08-15,61519.79496099999,61519.79496099999,0.0,12688.93658106995,10278.038630666666,41949.17012726338,38766.032443140255,10800.0,10800.0
问题2,2025-08-16,48716.61805682,48716.61805682,0.0,17902.05222427983,14500.662301666664,28385.94776754017,29247.332317992244,10800.0,10800.0
问题2,2025-08-17,57731.53364033333,57731.53364033333,8991.673529001666,20272.383334666665,16752.010528665,37.44074666666688,87649.25600045605,10800.0,10431.799969349999
问题2,2025-08-18,76482.40594282716,76482.40594282716,86.22447783333314,19680.332801545264,15609.689541666667,8103.871544115234,49034.73155597547,10431.799969349999,10800.0
问题2,2025-08-19,77908.32324075102,77908.32324075102,138.1686965,17983.20810740741,14566.398566999997,10312.02234684362,50378.221277479555,10800.0,10800.0
问题2,2025-08-20,76832.26768165638,76832.26768165638,444.10661806999804,21472.65968160082,17392.854342096667,2545.8778935555665,50891.737218921524,10800.0,10800.0
问题2,2025-08-21,80194.50631859672,80194.50631859672,18.576766666666686,17162.605896502053,13901.710776166663,11107.769481594656,50890.40973337671,10800.0,10800.0
问题2,2025-08-22,60673.572107005006,60673.572107005006,0.0,13158.7226905288,10658.565379328329,36942.84539580453,38246.293060544114,10800.0,10800.0
问题2,2025-08-23,49008.72670916667,49008.72670916667,0.0,17779.09456193416,14401.066595166665,23100.692592399173,29696.916525155335,10800.0,10800.0
问题2,2025-08-24,58197.34615253833,58197.34615253833,9434.93081373833,20891.9289035,17336.85830289,343.616882333332,91715.52845113896,10800.0,10339.560121049999
问题2,2025-08-25,76232.6556165535,76232.6556165535,468.3240948366509,20516.283452059673,16327.770986163345,1739.3802288271615,51890.08215366042,10339.560121049999,10662.2474655
问题2,2025-08-26,79407.76696100824,79407.76696100824,0.0,19524.470288744847,15690.843652833333,10045.321941763385,50251.05034311407,10662.2474655,10800.0
问题2,2025-08-27,79062.13072068931,79062.13072068931,5.839483333333419,19992.918759670778,16194.264195333331,7355.166773018524,50233.1072432315,10800.0,10800.0
问题2,2025-08-28,78476.13284623867,78476.13284623867,42.925283333333255,20919.787457407398,16945.0278405,3776.5035293312885,50057.738213165336,10800.0,10800.0
问题2,2025-08-29,63672.99221167699,63672.99221167699,0.0,11908.996263493827,9646.286973429998,38855.06257161317,40035.578125713975,10800.0,10800.0
问题2,2025-08-30,49234.936800999996,49234.936800999996,0.0,16976.317969135795,13750.817555,27496.716553530867,29791.377351641248,10800.0,10800.0
问题2,2025-08-31,58767.18351803703,58767.18351803703,11253.655642606296,17608.624202166666,14534.49583269,300.08770783333364,104617.55938405517,10800.0,10498.32196785
问题2,2025-09-01,80478.48118436831,80478.48118436831,0.0,15852.753724199578,12569.220287666663,23620.813214502065,51028.96287440497,10498.32196785,10800.0
问题2,2025-09-02,72495.26287641769,72495.26287641769,0.0,18726.67322139917,15168.605309333332,14879.439114351855,45479.990028582084,10800.0,10800.0
问题2,2025-09-03,73563.37130928395,73563.37130928395,0.0,15817.768737654318,12812.392677499998,15010.277999129628,46356.85444609887,10800.0,10800.0
问题2,2025-09-04,74775.97516957202,74775.97516957202,0.0,18082.69898539094,14646.98617816666,17414.69681234775,46864.04810867412,10800.0,10800.0
问题2,2025-09-05,57309.03963883333,57309.03963883333,0.0,11577.878236831282,9378.081371833334,48284.981107168715,35823.492925821236,10800.0,10800.0
问题2,2025-09-06,44006.8283755,44006.8283755,0.0,16519.136077572017,13380.50022283333,33147.108820761314,26163.3603919774,10800.0,10800.0
问题2,2025-09-07,53706.70030899999,53706.70030899999,5499.927738658333,19525.75706173869,15815.863220008336,535.7505892613135,67313.61401373745,10800.0,10800.0
问题2,2025-09-08,67842.7232457469,67842.7232457469,0.0,19660.52386973022,15925.02433448148,4711.654177164839,41994.42158091591,10800.0,10800.0
问题2,2025-09-09,69747.80472187037,69747.80472187037,2.352616666666563,18474.962706790124,14964.7197925,13137.080157580245,43303.12890606537,10800.0,10800.0
问题2,2025-09-10,66335.56861040123,66335.56861040123,358.93222211333057,21481.35128031276,17399.894537053333,1297.045439255144,43466.572304562906,10800.0,10800.0
问题2,2025-09-11,70199.43847434156,70199.43847434156,2.636483333333331,18750.94578641975,15188.266087,13143.309474921816,43696.28187944313,10800.0,10800.0
问题2,2025-09-12,51567.685200999986,51567.685200999986,0.0,12951.101437242794,10490.392164166667,37555.31972792387,31555.531370630913,10800.0,10800.0
问题2,2025-09-13,40097.79970133334,40097.79970133334,0.0,17181.74427201646,13917.212860333331,28826.16680631687,22958.05550231485,10800.0,10800.0
问题2,2025-09-14,49280.58944133333,49280.58944133333,13222.447582666664,16187.086323999998,13801.415850000007,18.04180000000008,109755.25278871805,10800.0,10033.4711916
问题2,2025-09-15,71649.89965119753,71649.89965119753,1.1717666666667128,20275.447985160492,15986.92467883333,12295.51747820371,44396.17832632722,10033.4711916,10518.124735096295
问题2,2025-09-16,67017.78762341564,67017.78762341564,8.238266666666732,19978.6742447037,16011.168964166667,3566.750626211939,42099.38112524198,10518.124735096295,10708.743817366665
问题2,2025-09-17,72372.20321042591,72372.20321042591,2.7214500000000044,19888.56848461317,16027.609908166665,8553.847683979422,44853.00584004797,10708.743817366665,10800.0
问题2,2025-09-18,69146.9971394568,69146.9971394568,2.4633999999999787,20138.115533425924,16314.493578333328,6369.787467697533,43059.08340085553,10800.0,10797.088893046299
问题2,2025-09-19,53954.17929925478,53954.17929925478,0.0,11341.792091882713,9184.231598166667,35695.26648887206,32837.45554969652,10797.088893046299,10800.0
问题2,2025-09-20,40570.293539,40570.293539,0.0,17955.18401666666,14543.699053499999,21513.374842500005,23358.837893006003,10800.0,10800.0
问题2,2025-09-21,51627.35537359499,51627.35537359499,9626.218036373326,17484.1465415,14548.792225365003,30.7316105000001,90974.51233477745,10800.0,10370.407192499999
问题2,2025-09-22,70105.05703491974,70105.05703491974,10.906666666666638,20901.969027761304,16669.08771083333,5269.062501325111,43575.66121250957,10370.407192499999,10660.97074989259
问题2,2025-09-23,71650.9810753745,71650.9810753745,6.375,21216.608262670783,17060.32636766667,5384.458597037041,44504.410009873915,10660.97074989259,10800.0
问题2,2025-09-24,72820.15498329219,72820.15498329219,0.0,19772.786598148145,16015.957144499998,8000.100429644035,45665.07131463136,10800.0,10800.0
问题2,2025-09-25,72010.36055766462,72010.36055766462,15.37166666666667,19220.869960288066,15568.904667833332,8038.318031876548,45058.65052534485,10800.0,10800.0
问题2,2025-09-26,56227.501798950616,56227.501798950616,0.0,11827.055231893006,9579.914737833335,36286.11780489094,34052.21599978747,10800.0,10800.0
问题2,2025-09-27,41051.921293,41051.921293,0.0,17766.006246913577,14390.465059999997,19875.077856086424,23590.425346172302,10800.0,10800.0
问题2,2025-09-28,51930.869349847424,51930.869349847424,13821.096085302572,15016.168285166666,12771.423847349997,19.59183066666651,115486.41533305743,10800.0,10124.080515149999
问题2,2025-09-29,73705.06224168313,73705.06224168313,26.015016666666725,20839.402811039086,16551.731390999998,6683.514238310706,46040.44681722317,10124.080515149999,10488.730388418517
问题2,2025-09-30,74122.02116109259,74122.02116109259,31.411150000000134,21480.753382827166,17119.267589666666,4369.771751265426,46772.34655549799,10488.730388418517,10800.0
问题2,2025-10-01,75401.08152529012,75401.08152529012,0.0,16139.875502057612,13073.299156666664,22672.983646565837,47336.28314911887,10800.0,10800.0
问题2,2025-10-02,67877.06493576337,67877.06493576337,0.0,19359.896195884772,15681.515918666668,12467.901541878598,42055.02958086486,10800.0,10800.0
问题2,2025-10-03,53819.90232058436,53819.90232058436,0.0,11160.660364814821,9040.134895500001,43882.22315126954,32040.015335504053,10800.0,10800.0
问题2,2025-10-04,40307.43683566667,40307.43683566667,0.0,17212.60339012346,13942.208746000002,23941.05975820987,22805.26204513608,10800.0,10800.0
问题2,2025-10-05,52375.03838629423,52375.03838629423,6342.914855588333,20761.70568162757,17066.31892007833,286.605413666667,68729.5701083132,10800.0,10522.958535599999
问题2,2025-10-06,70822.37996344444,70822.37996344444,0.0,19059.996317028803,15189.259698833335,9218.534095248973,43940.59421238807,10522.958535599999,10800.0
问题2,2025-10-07,72626.56972841357,72626.56972841357,0.0,18918.48963744856,15323.976606333334,11260.493697298356,45202.24310080116,10800.0,10800.0
问题2,2025-10-08,67023.06690638066,67023.06690638066,0.0,19818.39957016461,16052.903651833336,6779.0753213827165,41244.64412832051,10800.0,10800.0
问题2,2025-10-09,66423.29799648354,66423.29799648354,0.0,19982.63000946502,16185.93030766667,6866.616611351852,40808.78155310314,10800.0,10800.0
问题2,2025-10-10,51724.839538,51724.839538,0.0,12265.490916460905,9935.047642333335,40050.78534720576,30695.80154579512,10800.0,10800.0
问题2,2025-10-11,39974.236038999996,39974.236038999996,0.0,17611.890667283944,14265.631440499998,22521.663228882717,22065.321828998814,10800.0,10800.0
问题2,2025-10-12,49620.68514116666,49620.68514116666,11632.497482333336,17171.307158333333,14467.1101515,34.02963333333332,99682.94412249791,10800.0,10179.609607499999
问题2,2025-10-13,69531.5264345041,69531.5264345041,0.0,20774.633615269544,16310.454842333333,8039.952361567906,42669.99346383437,10179.609607499999,10754.052258649997
问题2,2025-10-14,68783.08114075309,68783.08114075309,0.0,20858.15083936009,16853.749212666666,4004.8502307263316,42404.13380901647,10754.052258649997,10800.0
问题2,2025-10-15,69775.58438307818,69775.58438307818,0.0,20307.219735390943,16448.847985666667,3997.1889833539085,43026.67748824727,10800.0,10800.0
问题2,2025-10-16,70333.94070553085,70333.94070553085,301.89208319499784,21729.086165397122,17600.559793971668,3540.833467300411,45420.74620242041,10800.0,10800.0
问题2,2025-10-17,54752.98744446091,54752.98744446091,0.0,11755.455987654317,9521.91935,36515.251490139926,32553.128505919765,10800.0,10800.0
问题2,2025-10-18,40175.93162816667,40175.93162816667,0.0,16829.01540987654,13631.502482,20901.825433623457,22216.305274391383,10800.0,10800.0
问题2,2025-10-19,50766.38708820782,50766.38708820782,15887.57947404857,16298.244569454731,13551.889607198334,21.889066666666736,126128.80161684091,10800.0,10410.7649934
问题2,2025-10-20,72303.44752120369,72303.44752120369,277.65991842000113,21909.656021423863,17396.50987141333,3627.178922946503,46146.362733536196,10410.7649934,10800.0
问题2,2025-10-21,74070.15413130657,74070.15413130657,0.0,21360.70647777778,17302.172247000002,3549.038550528803,45864.72361058249,10800.0,10800.0
问题2,2025-10-22,75529.10202349999,75529.10202349999,31.00401489000044,22291.594834292177,18056.191815776663,5769.806319874485,46561.866946583745,10800.0,10800.0
问题2,2025-10-23,75507.26455651439,75507.26455651439,0.0,20883.43616152263,16915.583290833332,8159.914652491776,46858.3442556353,10800.0,10800.0
问题2,2025-10-24,57679.87107981481,57679.87107981481,0.0,12097.866942592591,9799.2722235,36961.22564405555,33904.43528413231,10800.0,10800.0
问题2,2025-10-25,40964.37851533333,40964.37851533333,0.0,17081.060762551442,13835.65921766667,18320.544237115224,22608.65783586798,10800.0,10800.0
问题2,2025-10-26,54710.41975176337,54710.41975176337,12738.338186498338,17458.531017763373,14589.855396168326,35.770300000000134,108922.64218531392,10800.0,10301.727475799999
问题2,2025-10-27,75593.41201567902,75593.41201567902,16.04156266666655,21264.935623069956,17059.470445166662,7851.406733775721,46832.0562709062,10301.727475799999,10485.202375266665
问题2,2025-10-28,76114.94447906691,76114.94447906691,0.0,21635.087515152267,17241.103025013334,5748.538288927981,47217.05416814443,10485.202375266665,10800.0
问题2,2025-10-29,76675.72572808023,76675.72572808023,0.0,22454.082825514393,18187.80708866667,3097.1931912325113,47627.250787958015,10800.0,10800.0
问题2,2025-10-30,77929.34399313,77929.34399313,0.0,19838.79948399588,16069.427582036667,9372.154441170787,48502.5065469222,10800.0,10800.0
问题2,2025-10-31,59953.813135364195,59953.813135364195,0.0,12037.923261316868,9750.717841666665,33762.315649047334,35596.73992676145,10800.0,10800.0
问题2,2025-11-01,42209.247982812754,42209.247982812754,0.0,16722.84615041152,13545.505381833333,16487.86878090124,23463.006036619438,10800.0,10800.0
问题2,2025-11-02,57238.59597920165,57238.59597920165,14546.24509007332,17865.96831820165,14924.456147593344,46.944965333333585,120983.24923423976,10800.0,10296.642433499997
问题2,2025-11-03,78695.64035190787,78695.64035190787,0.0,21094.02355026132,16633.137265861667,4729.823784174894,49203.4188925373,10296.642433499997,10800.0
问题2,2025-11-04,80173.37799806893,80173.37799806893,30.273599999999874,20579.89085504115,16669.711592583335,8713.400302277778,50078.29831656296,10800.0,10800.0
问题2,2025-11-05,80702.38112228314,80702.38112228314,0.0,20358.856139133743,16490.673472698334,7156.178389181068,50616.98885933298,10800.0,10800.0
问题2,2025-11-06,80117.57939127318,80117.57939127318,0.0,22500.355543012338,18225.28798984,4472.92728810083,50035.63421716355,10800.0,10800.0
问题2,2025-11-07,66642.83960166872,66642.83960166872,0.0,11240.599910082306,9104.885927166664,41188.66383541975,39711.472736890675,10800.0,10800.0
问题2,2025-11-08,44350.54769105144,44350.54769105144,0.0,15543.043326337443,12589.865094333332,17606.162359047335,24417.44413186511,10800.0,10800.0
问题2,2025-11-09,61054.11236452676,61054.11236452676,13515.20735587,18895.194963693415,15688.287058296666,15.594631666666714,118611.76719110977,10800.0,10374.245402550001
问题2,2025-11-10,83244.16380839917,83244.16380839917,0.0,21915.927793738687,17472.263407,4942.056321660487,52236.93393962483,10374.245402550001,10684.954409137039
问题2,2025-11-11,83930.57491049587,83930.57491049587,0.0,20476.690879559672,16482.578580666664,8377.442944936212,52978.53842633232,10684.954409137039,10800.0
问题2,2025-11-12,83627.95702738065,83627.95702738065,0.0,21090.537851646088,17083.335659833334,8664.767085567908,52703.65838901932,10800.0,10800.0
问题2,2025-11-13,83920.11381847737,83920.11381847737,0.0,20050.43153395062,16240.849542500002,7714.660510360081,53081.583088661944,10800.0,10800.0
问题2,2025-11-14,67204.74735665225,67204.74735665225,0.0,10683.287736625507,8653.463066666667,37576.46738669342,40220.62328428654,10800.0,10800.0
问题2,2025-11-15,47011.165352021664,47011.165352021664,0.0,16340.110961701645,13235.489878978333,15694.657352631686,25845.50274940388,10800.0,10800.0
问题2,2025-11-16,64260.727338191355,64260.727338191355,13382.703847018332,19363.954753524693,16211.345361814998,56.277410166666755,118490.7600679216,10800.0,10214.953320600001
问题2,2025-11-17,86513.79346389507,86513.79346389507,0.0,21271.400432006172,16717.5386845,9264.177383055554,54776.87422255776,10214.953320600001,10784.17072662778
问题2,2025-11-18,84679.7306482181,84679.7306482181,0.0,21467.901214240737,17374.753637499998,5696.031238144034,53489.45750650727,10784.17072662778,10800.0
问题2,2025-11-19,85643.76046942797,85643.76046942797,0.0,22884.419521810698,18536.379812666666,5927.409160283952,54086.55725230182,10800.0,10800.0
问题2,2025-11-20,86292.29911431686,86292.29911431686,0.0,21613.994297530866,17507.335381,7392.5641644526695,54525.713949591234,10800.0,10800.0
问题2,2025-11-21,70082.65470304832,70082.65470304832,0.0,10784.003428806584,8735.042777333336,39169.30998490841,41971.37865262532,10800.0,10800.0
问题2,2025-11-22,49411.175563726334,49411.175563726334,0.0,16368.371657407411,13258.381042500001,16081.355465485593,27093.983789161717,10800.0,10800.0
问题2,2025-11-23,66456.45470385803,66456.45470385803,12315.554689208331,20478.974255191362,16972.596700625003,33.535555166666654,111413.6681548132,10800.0,10372.6360512
问题2,2025-11-24,86547.07464019547,86547.07464019547,0.0,20990.49207726749,16774.137111166667,8168.775974094644,54797.46430520866,10372.6360512,10626.148797222222
问题2,2025-11-25,86966.72015363169,86966.72015363169,0.0,22804.68709279834,18315.330462666665,6308.703056833347,54909.27196856147,10626.148797222222,10800.0
问题2,2025-11-26,88074.58711666871,88074.58711666871,0.0,21974.679176748967,17799.490133166666,7141.731189753093,55843.562685029,10800.0,10800.0
问题2,2025-11-27,87794.08129583334,87794.08129583334,0.0,21594.4158771605,17491.4768605,7910.249545839501,55626.813389487295,10800.0,10800.0
问题2,2025-11-28,71039.19505532921,71039.19505532921,0.0,11762.158279423871,9527.348206333334,37883.146432238675,42614.443713947156,10800.0,10800.0
问题2,2025-11-29,51055.01020166461,51055.01020166461,0.0,16069.685148971188,13016.444970666662,13072.319923360092,28127.57801456766,10800.0,10800.0
问题2,2025-11-30,69085.91585614198,69085.91585614198,14604.757530639996,20236.132281308637,16811.868598360004,21.581587166666623,129061.51457642381,10800.0,10332.665055
问题2,2025-12-01,89508.19567599999,89508.19567599999,3146.4027915850024,25414.26833966667,20191.734630581668,1133.1370251666676,72133.5054034634,10332.665055,10770.24586005371
问题2,2025-12-02,93617.57291163581,93617.57291163581,501.8204303866679,25104.988949874467,20308.262323446663,684.856765594667,62425.167383960135,10770.24586005371,10800.0
问题2,2025-12-03,95809.4394273004,95809.4394273004,0.0,23736.378074074066,19226.466239999998,4136.779026559675,61612.6023967362,10800.0,10800.0
问题2,2025-12-04,95289.58304520574,95289.58304520574,356.6102881566695,25165.33993787243,20383.925349676665,4093.5699951666606,62761.130170071374,10800.0,10800.0
问题2,2025-12-05,79342.36436654525,79342.36436654525,0.0,11160.987757201647,9040.400083333334,35910.14900934362,48521.774131488564,10800.0,10800.0
问题2,2025-12-06,60045.68740766461,60045.68740766461,0.0,16915.810665020574,13701.806638666669,13167.052564644035,33459.10605044931,10800.0,10800.0
问题2,2025-12-07,77308.54209478806,77308.54209478806,13935.943117598339,21325.358878288065,17799.773452568326,66.21853666666709,130560.61447428417,10800.0,10215.296932050001
问题2,2025-12-08,99757.91775241564,99757.91775241564,0.0,23557.4005196749,18604.5804415,6957.886557574075,64309.69452936721,10215.296932050001,10745.2013536463
问题2,2025-12-09,100721.07958983333,100721.07958983333,0.660425000000032,23720.766372286,19164.50197983333,8777.021355714001,65010.868511547065,10745.2013536463,10800.0
问题2,2025-12-10,100163.97659516666,100163.97659516666,0.0,22640.533868518516,18338.832433500003,7474.656693481485,64676.25147587861,10800.0,10800.0
问题2,2025-12-11,100646.61912161934,100646.61912161934,0.0,22478.41479218106,18207.515981666664,10414.465611104948,64922.76769900845,10800.0,10800.0
问题2,2025-12-12,83569.93497185185,83569.93497185185,0.0,10435.657777777775,8452.8828,37872.74651074073,51372.07925952803,10800.0,10800.0
问题2,2025-12-13,65054.86778037448,65054.86778037448,0.0,15668.845843621393,12691.765133333332,18279.253686753094,36677.925132981225,10800.0,10800.0
问题2,2025-12-14,80993.36779360287,80993.36779360287,11616.258286826665,22248.253422602877,18436.06744217333,18.718299999999886,118788.2001649743,10800.0,10338.90870015
问题2,2025-12-15,101644.850195,101644.850195,0.0,23810.115553125514,18871.21142816667,7236.388103374486,65650.04792133786,10338.90870015,10800.0
问题2,2025-12-16,101951.87871516666,101951.87871516666,0.0,22901.36771460904,18550.10784883333,8182.527516057624,65991.5316201071,10800.0,10800.0
问题2,2025-12-17,102298.7025137675,102298.7025137675,0.0,22493.168595061725,18219.466561999994,9833.153414039098,66072.4808662557,10800.0,10800.0
问题2,2025-12-18,101079.92945850617,101079.92945850617,0.0,23374.40439115226,18933.26755683333,9272.525657520575,65207.5892603847,10800.0,10800.0
问题2,2025-12-19,86030.21066086626,86030.21066086626,0.0,10444.070383127564,8459.697010333333,41137.445988072024,53098.78882918248,10800.0,10800.0
问题2,2025-12-20,65832.82890695061,65832.82890695061,0.0,15947.35685185185,12917.359050000001,19946.478855098772,37289.83410696594,10800.0,10800.0
问题2,2025-12-21,81870.95491895266,81870.95491895266,11041.123788151674,22026.42498211934,18194.618691681662,42.49054999999987,116269.02969735787,10800.0,10407.539493150001
问题2,2025-12-22,103406.65999198353,103406.65999198353,0.0,23540.984206880654,18769.676823166665,9697.925524936218,66874.86692544886,10407.539493150001,10739.228809157406
问题2,2025-12-23,103454.26589033332,103454.26589033332,0.0,22439.23889990741,18121.08943716667,11878.023894259255,67005.60900178316,10739.228809157406,10800.0
问题2,2025-12-24,102310.84055233332,102310.84055233332,0.0,22975.98429876544,18610.547282,10090.844218901224,66063.58692635578,10800.0,10800.0
问题2,2025-12-25,102352.76363333332,102352.76363333332,0.0,22240.042264403288,18014.434234166663,10314.70706976338,66397.25812740129,10800.0,10800.0
问题2,2025-12-26,86694.43787116665,86694.43787116665,0.0,10532.580393209875,8531.3901185,41685.62516312345,53484.737007542164,10800.0,10800.0
问题2,2025-12-27,66224.66095026166,66224.66095026166,0.0,15108.371558524694,12237.780962405,20015.261287475303,37498.87630633562,10800.0,10800.0
问题2,2025-12-28,82731.77125908641,82731.77125908641,8448.627867486663,23759.884452753085,19520.956339180004,132.2162630000006,100402.11134201118,10800.0,10493.9445195
问题2,2025-12-29,102241.92911823044,102241.92911823044,0.0,22186.59187277778,17695.6894845,10227.260463286,66075.6765986893,10493.9445195,10800.0
问题2,2025-12-30,101056.870024,101056.870024,0.0,22813.104117695468,18478.614335333332,10497.977641637863,64989.42240587785,10800.0,10800.0
问题2,2025-12-31,99820.40948586624,99820.40948586624,0.0,23388.120675308644,18944.377747000006,6730.243624224275,64309.02911239993,10800.0,10800.0
问题3,2025-02-01,55550.860081308034,49004.15945421469,0.0,16657.56375585892,13492.626642245725,11461.046407268175,28821.370199018194,10800.0,10800.0
问题3,2025-02-02,69942.57411251236,75294.01989808067,6590.107408682051,20355.23714551709,16851.607797087687,24.220008333333453,88899.90231763301,10800.0,10395.704767534617
问题3,2025-02-03,93113.29723603165,87676.67362067012,0.0,24040.1334052057,19157.53406560451,2577.1577810689287,56750.88153296524,10395.704767534617,10745.675870436964
问题3,2025-02-04,95803.90275130769,89622.93544862545,0.0,22836.13345347143,18448.37638070513,4040.3144258591574,59138.01736161579,10745.675870436964,10800.0
问题3,2025-02-05,89323.08690642181,88162.02483757932,0.0,23452.496004693414,18996.521763801666,2957.6236133542507,56427.84014169942,10800.0,10800.0
问题3,2025-02-06,95504.96602369443,87259.74406408882,18.20715438888908,23445.262189168723,18990.662373226667,2552.2941858689946,57817.335526809184,10800.0,10800.0
问题3,2025-02-07,75007.44321851278,67412.63525631276,0.0,11561.412541426615,9364.744158555557,33410.28720677503,42920.483802234696,10800.0,10800.0
问题3,2025-02-08,44922.37943539745,44524.309530164945,0.0,17578.668386831276,14238.721393333333,9607.199820000344,24605.01668539198,10800.0,10800.0
问题3,2025-02-09,68505.79150760082,75575.26991970801,7383.868884896946,20755.04060579801,17352.27525952638,0.9574916666667832,92976.52474312749,10800.0,10199.230701299999
问题3,2025-02-10,85593.90455483506,80989.81086355759,19.203300833332946,23515.452496826474,18926.062994638887,2092.9870788700064,52037.03919200773,10199.230701299999,10334.179065511727
问题3,2025-02-11,86056.32021758333,81275.27785753603,12.053934305555345,23836.0013072013,19223.643872270553,1454.3772235775039,52304.5995515545,10334.179065511727,10426.975939470061
问题3,2025-02-12,86234.80989140327,81043.418314612,20.479821666666567,23888.69124739301,19170.780211994996,1079.2509675473225,52405.77408534566,10426.975939470061,10625.9311599071
问题3,2025-02-13,80410.31603338888,78171.84268130556,20.393333333333544,23406.841492255488,18860.11697733334,2316.032483050069,49493.209426727415,10625.9311599071,10736.402972566666
问题3,2025-02-14,66236.33780732166,62589.53381027675,0.0,11589.518802497938,9330.272905333333,30528.486096445475,39196.159034273725,10736.402972566666,10800.0
问题3,2025-02-15,46656.99193616392,43530.54739834019,0.0,16829.624405041155,13631.995768083332,11052.827661382373,24391.97071586231,10800.0,10800.0
问题3,2025-02-16,65421.25619553875,70013.08854137168,8198.398518339727,17851.40881633196,15038.773514953888,21.472658333333243,96758.26787805106,10800.0,10156.519584749998
问题3,2025-02-17,85857.19627384053,76401.5518120066,0.0,22337.823971949234,17998.32005414222,878.1847275329242,50292.42548811785,10156.519584749998,10262.427766012961
问题3,2025-02-18,76271.62165385287,77530.08280010804,31.97405208333339,22310.653135647804,17799.321821175552,959.3377543857999,48942.42701398763,10262.427766012961,10564.991342345369
问题3,2025-02-19,77072.35201626713,78698.41061174331,77.73137666666673,23599.6554256485,19299.821318736114,1596.9804981642599,50021.18534721669,10564.991342345369,10360.435315722221
问题3,2025-02-20,80541.83947258777,77512.139675473,42.948226499999805,22592.936884623454,18047.256038264997,2016.2733222812064,49121.45313318456,10360.435315722221,10641.571802699997
问题3,2025-02-21,62056.997700361106,60010.25722259307,0.0,11210.066109860083,8937.568171416666,32177.49725081632,36642.12740828622,10641.571802699997,10800.0
问题3,2025-02-22,43240.70175751386,42756.63684323277,0.0,16601.00393798903,13446.813189771116,11757.683211681524,23280.494291508963,10800.0,10800.0
问题3,2025-02-23,58510.617024782914,66629.73288600403,7573.431561194448,17188.447745588477,14531.316315056669,14.179333333333034,91615.67524479619,10800.0,10123.6959543
问题3,2025-02-24,76002.13514616116,74258.33404413133,42.45417872222242,21704.804034231147,17358.938778156393,1751.8893501121365,46981.127501086354,10123.6959543,10370.309831600924
问题3,2025-02-25,78333.47952246528,71667.02233619287,65.5503058888886,22100.457849456794,17823.284999027775,1634.0765583194075,46331.88092535707,10370.309831600924,10457.071897192285
问题3,2025-02-26,71486.25643941047,74811.97063447087,8.2401104999999,22797.52098193347,18192.439321504447,1400.2810512085096,46908.194447555696,10457.071897192285,10761.019312594137
问题3,2025-02-27,72754.05053100787,73006.18912501108,10.984891416666642,23167.771958018166,18730.812667329446,1623.630525739033,45772.13154696415,10761.019312594137,10800.0
问题3,2025-02-28,56966.938140045604,56157.26543985768,0.0,12373.113330555549,10022.221797749997,30513.78035705212,34065.57164124127,10800.0,10800.0
问题3,2025-03-01,46760.539555121046,42922.97295641666,0.0,14712.94149855967,11917.482613833334,16468.748138356994,24010.776802191554,10800.0,10800.0
问题3,2025-03-02,59500.96491133778,69367.78957396577,6048.845370527773,19185.592645654662,16127.264767827779,0.0,84430.77911530947,10800.0,10147.850305724998
问题3,2025-03-03,82738.58327910767,77990.31621207317,0.0,23167.90146693278,18827.339990673056,1632.608102480117,50404.25142358102,10147.850305724998,10079.69496966111
问题3,2025-03-04,73763.37086495542,74295.89269222337,0.0,22038.99112623525,17650.98026357944,708.4238962342221,46833.63659938169,10079.69496966111,10302.586690406792
问题3,2025-03-05,77983.20382450713,71782.62531174766,3.286666666666747,21589.70502379835,17370.42688813917,1436.161826088483,46300.826876205865,10302.586690406792,10432.84689167068
问题3,2025-03-06,72703.17761482681,71956.9201695279,0.0,21751.382354091926,17377.587037836965,1642.4707199396175,44998.71780459222,10432.84689167068,10700.66096831235
问题3,2025-03-07,62561.49650291426,55196.604833208025,0.0,11753.01315855452,9430.535529910278,31951.841671230453,34435.062295792144,10700.66096831235,10800.0
问题3,2025-03-08,37646.34672072222,37698.86848713278,0.0,18482.66970205761,14970.962458666665,15124.021727075167,20562.10179747086,10800.0,10800.0
问题3,2025-03-09,54726.66910660699,59722.96203627499,6385.900205638889,17496.604663888887,14721.267471974998,0.0,81142.85134068465,10800.0,10189.980339750002
问题3,2025-03-10,72498.82273501303,73610.4207398498,0.0,22275.43205105453,17943.01939158333,1235.9366303785973,45278.3533738758,10189.980339750002,10301.180972828708
问题3,2025-03-11,64244.02555189986,70222.32479861216,0.0,22074.173110740052,17561.272489236944,1770.5053771090552,44121.16214589104,10301.180972828708,10655.41178445371
问题3,2025-03-12,73969.3514155223,67533.76774300788,0.0,21765.398451153633,17597.096468694443,929.9310772153603,43120.5761693705,10655.41178445371,10691.940980831489
问题3,2025-03-13,74383.86078658642,73900.70404607686,82.0270939999998,21749.976694078876,17567.730816547224,2254.8672458785527,46132.94985012101,10691.940980831489,10747.219098227784
问题3,2025-03-14,50620.518761918036,51310.83529001886,0.0,12305.035175364534,9919.57568045028,32895.949811771265,30630.94847775116,10747.219098227784,10800.0
问题3,2025-03-15,37113.85943591526,37731.95051091527,0.0,17791.952289405013,14411.481354418062,13427.354425928315,20689.260884624186,10800.0,10800.0
问题3,2025-03-16,50486.12667402708,60498.19613232424,5582.293159305556,17457.763701626198,14728.321343329724,0.0,76159.01861960048,10800.0,10147.185838875
问题3,2025-03-17,67210.82791533606,63888.93520004286,0.0,21651.362002328868,17348.61198422222,1728.0537486028827,40228.80543712602,10147.185838875,10357.1761029463
问题3,2025-03-18,75713.00301047222,67432.00155666651,0.0,21320.047497744163,17027.640394106114,2013.6360863617997,43618.95964736831,10357.1761029463,10625.618413020373
问题3,2025-03-19,61626.652772243826,66398.23192769752,0.0,21469.39321183606,17233.26507330555,2696.633339167014,41681.90204909777,10625.618413020373,10800.0
问题3,2025-03-20,70306.92486474999,66966.12214548723,230.9962666136124,21967.12907078737,17793.37454733777,814.4020719845724,43529.85174649881,10800.0,10800.0
问题3,2025-03-21,51759.80286895335,49301.70797539444,0.0,11966.499393106995,9692.864508416667,34994.60857403745,29578.527705377277,10800.0,10800.0
问题3,2025-03-22,37498.90916025,37088.802064999996,0.0,17684.09890010288,14324.120109083335,17847.623540647117,20302.90487562427,10800.0,10800.0
问题3,2025-03-23,51461.70761528894,55453.44698771917,6256.574708944441,17883.16585977778,14976.898846447499,34.034566666666706,75716.407026472,10800.0,10253.850555525
问题3,2025-03-24,68244.06701937859,64650.40161103127,0.0,21863.05051590501,17398.421725972225,2187.2757377651506,40758.57311361464,10253.850555525,10599.016324314818
问题3,2025-03-25,74804.69409133332,65620.64775159449,109.94899591166461,21539.691742923867,17488.422617338336,729.2029052539551,43190.20415298368,10599.016324314818,10553.158207014818
问题3,2025-03-26,64606.107743087785,61104.57361385288,0.0,21064.076929472903,16920.571518805555,1368.5133365188703,38820.10710778229,10553.158207014818,10710.192422645374
问题3,2025-03-27,68111.91374513818,64140.52993383722,0.0,21852.856521849433,17619.986963078878,1190.6709750666691,39922.71478171257,10710.192422645374,10800.0
问题3,2025-03-28,49787.65445230555,49941.63192836583,0.0,11042.128907510283,8944.124415083334,37021.746669272216,29045.388556552494,10800.0,10800.0
问题3,2025-03-29,34812.36453199999,35402.63934819444,0.0,18205.41555980795,14746.386603444444,24236.401208497602,19138.455213478817,10800.0,10800.0
问题3,2025-03-30,46212.8379951636,52332.54221449998,5897.400694500001,17850.886178,14966.562969000008,0.0,72632.3199496168,10800.0,10236.2831502
问题3,2025-03-31,58099.85854494992,62461.908345844655,0.0,21299.125697663247,17028.055551043894,1239.448715891972,38685.02845377757,10236.2831502,10485.434554714817
问题3,2025-04-01,71113.99639862825,65797.25674220605,48.64467621166591,20236.791062965025,16354.392266459174,1754.6511052451965,41263.778735972875,10485.434554714817,10526.999548650927
问题3,2025-04-02,67583.22975402778,66093.47935401634,16.16890908333403,20040.530310665297,16168.163366271387,1801.9459187057612,40854.69727782068,10526.999548650927,10598.850865725926
问题3,2025-04-03,68954.03427658642,61960.211345490054,0.0,20938.572262370377,16851.56121508333,2009.6700315363441,39734.46409274874,10598.850865725926,10719.608996211113
问题3,2025-04-04,46966.793718950124,47048.92775738829,0.0,12550.743250377229,10093.750129395557,38161.132386406614,27266.584675966376,10719.608996211113,10800.0
问题3,2025-04-05,33796.594346527774,34001.80918891666,0.0,18655.513867249654,15110.966232472223,18413.146570805897,18060.490932570072,10800.0,10800.0
问题3,2025-04-06,44665.93517345861,51669.20701234917,5816.967340694444,18217.62476086111,15185.515407817495,43.98873333333347,70367.85395524313,10800.0,10323.0673872
问题3,2025-04-07,57401.953710266105,58531.83086274313,0.0,20358.378957890258,16262.558483289446,1193.2911048089927,35894.29341658304,10323.0673872,10576.09902342408
问题3,2025-04-08,66245.75306086213,59671.83815607896,122.34140310000082,21116.71312757235,17044.934559448608,1369.2073743885503,38662.60794813462,10576.09902342408,10642.32466107408
问题3,2025-04-09,64161.21735004388,65399.90804500068,0.0,21249.063543456785,17069.83366516667,2086.367150043896,39852.5934308085,10642.32466107408,10800.0
问题3,2025-04-10,62922.507988173515,60783.356654687304,0.0,21096.585348422836,17088.234132222497,2314.367538486971,37980.36878423747,10800.0,10800.0
问题3,2025-04-11,43412.01477391667,43733.55205897222,0.0,14512.35676930727,11755.008983138887,35659.55410613718,25478.42971611532,10800.0,10800.0
问题3,2025-04-12,34643.335895928336,33696.99918270611,0.0,17786.083438120022,14406.727584877219,21292.48277946331,18146.386237814004,10800.0,10800.0
问题3,2025-04-13,42703.473534722216,51411.659096382034,5797.624348196665,17770.354928164255,14879.161883585553,41.73191666666685,71562.835806923,10800.0,10260.917342475
问题3,2025-04-14,63518.91675674108,56683.408745904046,12.486014565831738,20086.62923348594,16186.178220911112,267.4119478950579,36978.188035593106,10260.917342475,10354.241184933335
问题3,2025-04-15,55273.77722743483,56021.70925648205,0.0,19989.65395669136,16037.968042859164,1930.594509316521,34538.13874369399,10354.241184933335,10524.965253889815
问题3,2025-04-16,62016.70276739986,61229.72193803737,0.0,20229.3327784952,16183.210577111113,1404.0077866532931,37318.96759950935,10524.965253889815,10750.019668856481
问题3,2025-04-17,55658.3111315082,58845.74117158225,0.0,21349.670005981137,17248.250406815558,1875.9792224166727,36377.503651683364,10750.019668856481,10800.0
问题3,2025-04-18,44153.171095805556,44189.22748635805,0.0,13329.21434763374,10796.663621583331,35302.55957697431,25597.4896753402,10800.0,10800.0
问题3,2025-04-19,32295.58332772222,33181.86456888889,0.0,17971.611414026072,14557.00524536111,22982.579150223923,17717.264146561665,10800.0,10800.0
问题3,2025-04-20,41664.90507841666,49158.97808393483,5858.768603629445,18857.62952301817,15797.627718787226,0.0,68554.60451035135,10800.0,10218.946883174998
问题3,2025-04-21,60578.595961588464,55125.55655052778,5.701289471664289,19025.075263694438,15428.156841945,3017.4290349166718,34366.12091149073,10218.946883174998,10199.118129449998
问题3,2025-04-22,54782.795958083334,57035.35586992523,0.0,19992.856747364876,16018.41529963889,907.9851055325807,34790.66123221992,10199.118129449998,10394.449980257405
问题3,2025-04-23,52579.06413699878,56842.68057229348,0.0,20860.131006772284,16598.931717733605,1181.5645665881389,35058.96758043046,10394.449980257405,10725.310422204011
问题3,2025-04-24,54301.98707172167,55072.820554399455,0.0,19635.64529215946,15837.652066632776,4184.720628872775,33529.4820824691,10725.310422204011,10800.0
问题3,2025-04-25,43096.68348048611,42001.828522791664,0.0,14248.689340483543,11541.43836579167,37294.219898099785,24679.719480839492,10800.0,10800.0
问题3,2025-04-26,32094.488428527777,32268.848610492772,0.0,18296.510586762688,14820.173575277779,28722.31796567453,17044.075930502655,10800.0,10800.0
问题3,2025-04-27,40391.32898885972,46986.20160057441,5467.57742830472,21145.62126640775,17614.211454195276,348.8980333333306,64127.94531742424,10800.0,10259.71307955
问题3,2025-04-28,65084.1839245559,62998.843884014736,0.0,20171.761813688267,16119.750641833334,2324.865395493144,38417.691940044795,10259.71307955,10503.464665387957
问题3,2025-04-29,54802.52225027817,55432.04869995272,5.401953916665548,18686.714388423512,14914.013051390553,4231.535600169758,33962.990535279416,10503.464665387957,10750.382002312957
问题3,2025-04-30,52197.987261844115,53121.89478151477,0.0,21483.573881104247,17382.88035763028,764.3468247074757,32330.79487464686,10750.382002312957,10771.286986828696
问题3,2025-05-01,55122.105898050206,55502.26897041049,1504.6748882127786,19741.365346079554,16533.76240052694,2787.9621130706596,43885.9124032518,10771.286986828696,10167.668686603696
问题3,2025-05-02,51744.89960082064,50288.3881477596,0.0,11281.024143382723,8568.531374083335,33285.57529512688,29910.593725871207,10167.668686603696,10800.0
问题3,2025-05-03,34349.21642497222,34219.46270729938,0.0,18780.23626471193,15211.991374416666,21784.046167004115,18390.255059192023,10800.0,10800.0
问题3,2025-05-04,42076.95850852778,48456.32625815138,5849.164955265278,17886.672601749997,15353.953380000006,38.10465833333342,70803.40711976863,10800.0,9838.057141574998
问题3,2025-05-05,62490.9274123611,59171.02693945144,311.08757647111133,19969.87080162277,16276.702980161106,712.939894460898,39538.218597071456,9838.057141574998,9725.715329523146
问题3,2025-05-06,53565.548715338206,56790.140282973145,529.5520191794442,20352.041383652257,16839.168110189992,936.7366620236622,39213.0027748814,9725.715329523146,9332.365785710183
问题3,2025-05-07,57597.56557202332,59755.31517306779,424.38362656416206,20274.329312863505,16484.064349983615,1321.5878867520637,39706.85932890671,9332.365785710183,9263.635111749994
问题3,2025-05-08,65993.40612562996,61273.21458230642,35.999250000000075,19485.542980154998,15550.08366872222,1547.242120873651,38840.99979056332,9263.635111749994,9522.75305086481
问题3,2025-05-09,52297.43442004664,50180.020212833326,0.0,11412.066918792181,8094.25195,38362.81939404115,30209.23793831784,9522.75305086481,10800.0
问题3,2025-05-10,34528.770356305555,35126.31166673888,0.0,17902.89836498628,14501.347675638888,19603.715694058163,19627.707297798865,10800.0,10800.0
问题3,2025-05-11,43284.72381730555,52789.99458067081,5484.291220973611,17411.57758118999,14621.370862878897,0.0,72082.39811466573,10800.0,10224.452197649998
问题3,2025-05-12,56091.486784109715,57308.008083081935,0.0,17533.522554973257,13806.909354083333,1650.1996488586874,35962.5771380206,10224.452197649998,10663.612103700001
问题3,2025-05-13,66305.67890070575,59745.31609307528,35.96733166666422,18620.49510713717,14959.85193011111,2991.4274810492234,38616.91121223575,10663.612103700001,10800.0
问题3,2025-05-14,63631.62181885254,58191.292333364545,0.0,18163.005329526743,14712.034316916666,1726.1725374211396,37535.23744477794,10800.0,10800.0
问题3,2025-05-15,62090.92235883161,58940.50514940398,0.0,18991.147792763208,15382.829712138204,2567.128785445641,37811.85440276173,10800.0,10800.0
问题3,2025-05-16,44863.220578222215,43256.13195222222,0.0,14463.664201268855,11715.568003027776,37792.529220647804,26512.3838678889,10800.0,10800.0
问题3,2025-05-17,34387.340079111105,33897.65705308333,0.0,18912.336938614542,15318.992920277778,19855.51395141323,18882.529062712332,10800.0,10800.0
问题3,2025-05-18,46460.888232837766,52162.101568133876,4297.836185873059,16777.73605152777,14034.31174518749,40.345347666666726,62284.862045664784,10800.0,10306.282729499999
问题3,2025-05-19,60653.40830888478,57463.48025578638,67.00333333333344,17694.73742269376,14119.68619305861,6440.215809484566,36397.91616752738,10306.282729499999,10543.006195414815
问题3,2025-05-20,59890.66108559305,59360.843087967194,0.0,18368.712697277442,14693.259754101393,1157.995328124481,36496.35208846639,10543.006195414815,10749.003451740738
问题3,2025-05-21,56161.93376090666,57909.610403446015,0.0,18712.86433270199,15111.523216055275,2945.654003465977,36420.00857344172,10749.003451740738,10800.0
问题3,2025-05-22,58622.40569557715,57181.30719813958,2.57000000000005,18206.028957064467,14746.883455222223,2908.100879630663,35667.592998080356,10800.0,10800.0
问题3,2025-05-23,46937.42173554722,48339.70784215833,0.0,11421.621806731822,9251.513663452779,39748.65081554595,29442.855027150727,10800.0,10800.0
问题3,2025-05-24,34317.85778708333,33668.627535333326,0.0,18170.029146673525,14717.723608805558,26461.820614132026,18854.063883949137,10800.0,10800.0
问题3,2025-05-25,42060.475773973056,47561.98301975,4578.813301250003,20287.250825666662,16769.481813,78.01712499999996,59472.51281003586,10800.0,10425.7681731
问题3,2025-05-26,58516.35478618381,61263.58476979217,0.0,19213.527774230446,15226.148852916665,2696.372898478397,37888.064611509726,10425.7681731,10800.0
问题3,2025-05-27,55457.06362304166,56333.658595555135,0.0,19606.488050497253,15881.25532090278,3218.0585659606627,35046.49937366447,10800.0,10800.0
问题3,2025-05-28,64029.32179874998,58807.876511630544,0.0,18044.290680644714,14615.875451322223,3105.637182308058,37585.07967159513,10800.0,10800.0
问题3,2025-05-29,62653.02417159019,61125.83887740827,17.817433333333383,19024.400649253763,15409.764525895558,3418.8966873834092,38374.97836284967,10800.0,10800.0
问题3,2025-05-30,50132.803299562016,49698.86103808583,0.0,10139.011774593626,8212.599537420838,41176.215534246374,29831.626475589626,10800.0,10800.0
问题3,2025-05-31,36860.874585722224,34750.48927063888,0.0,17755.659491049373,14382.084187749999,22987.732417339506,19856.391708358224,10800.0,10800.0
问题3,2025-06-01,56430.21960818034,64235.531962379195,8148.425564199928,13672.430786780522,12543.628548534725,30.328988333333427,95098.03386756136,10800.0,9167.822654175
问题3,2025-06-02,82963.47772880761,72204.87538605431,388.81781550833387,21917.330575943757,18119.730342631115,155.28551824999977,52346.31907872844,9167.822654175,8760.386458489815
问题3,2025-06-03,76649.73535390444,71963.76298736394,500.1287980558329,19940.620830011998,16417.588521508882,748.4926435833324,50383.663983917715,8760.386458489815,8465.180181601852
问题3,2025-06-04,86777.5010444489,73781.51922095174,388.0614127075014,21866.606616024692,18089.339930355833,747.053131323732,52009.51021261892,8465.180181601852,8045.859546739815
问题3,2025-06-05,75838.27064881034,74666.4753099732,506.9867596683333,21498.237713854596,17715.682117879718,241.58845700000018,51178.83739720689,8045.859546739815,7710.182247120371
问题3,2025-06-06,66621.09040793347,58022.481838361455,0.0,13894.993634886825,8474.108866666666,21746.601670141292,37583.22413326085,7710.182247120371,10800.0
问题3,2025-06-07,50530.60694487429,46212.978693023055,0.0,12485.123227955075,10112.949814643609,12714.292113044923,27316.29829620408,10800.0,10800.0
问题3,2025-06-08,55248.1627657596,65472.696020019626,2385.804158086389,17162.181376579916,14507.28908180723,18.68461666666667,63869.54144589824,10800.0,10126.753148024998
问题3,2025-06-09,85113.54800123937,77479.7135248292,113.13003766666634,22715.253767995535,18057.660089305555,2002.5371504725654,51634.705378381215,10126.753148024998,10506.414773325925
问题3,2025-06-10,78498.54117970233,79000.64768586471,27.771062750000056,22630.444003266115,18066.432938638885,2845.9634506541543,50049.559184958816,10506.414773325925,10800.0
问题3,2025-06-11,84202.5502775086,83153.35664203309,17.465483333333395,23220.394543315495,18808.51958008555,2674.5008454698236,53748.94213559796,10800.0,10800.0
问题3,2025-06-12,82725.82510587129,79649.91428402837,9.261616666666555,22191.098676710564,17974.789928135557,2990.4757187866917,50816.49895551638,10800.0,10800.0
问题3,2025-06-13,66181.97340788922,61961.27263818526,0.0,10202.167662860084,8263.755806916666,31677.54708224185,38980.76048563342,10800.0,10800.0
问题3,2025-06-14,46216.111685352706,44999.691976664435,0.0,14477.0352337819,11726.398539363341,16055.712532245874,26673.558529085596,10800.0,10800.0
问题3,2025-06-15,55133.22547486087,67878.87263582779,5964.469541222502,18814.68972757613,15624.736433859169,26.41455000000019,83666.9368133359,10800.0,10372.402494975
问题3,2025-06-16,79580.62951216204,79510.76501261763,63.27438202777785,23474.879382449588,18629.814545261655,2034.9217407908027,51097.96893151913,10372.402494975,10800.0
问题3,2025-06-17,81841.0164551622,81731.49568092352,75.54716530555584,22797.83037178807,18466.24260114833,2838.4438589226565,52429.96124935166,10800.0,10800.0
问题3,2025-06-18,82730.39818442163,79647.93649170731,6.500491666666676,20185.74502150411,16350.453467418332,4890.754529288206,51300.09908300691,10800.0,10800.0
问题3,2025-06-19,77670.64442381996,77400.37431684259,75.15318011111106,21810.59208693415,17666.579590416666,5072.010800436213,51497.14626047721,10800.0,10800.0
问题3,2025-06-20,63256.01984859864,58848.25340696696,0.0,9035.414129629631,7318.685445000001,34730.94387233733,37468.155831419084,10800.0,10800.0
问题3,2025-06-21,42615.929318305556,42386.53809233579,0.0,17912.04862314814,14508.75938475,19648.508453937655,25070.561778164996,10800.0,10800.0
问题3,2025-06-22,53652.69913182112,68387.33681300137,2491.4038452491714,19335.080934888883,15930.787742055001,17.10636541666679,66671.67606658654,10800.0,10500.697572449999
问题3,2025-06-23,76512.58711102125,74328.89165490912,0.0,21485.31371624212,17133.731925361113,2916.0238640281154,47203.69444181561,10500.697572449999,10800.0
问题3,2025-06-24,87850.274488,84682.57548774176,2.909423111110982,23438.54806474622,18985.223932444445,3963.3685285510987,54727.16795046078,10800.0,10800.0
问题3,2025-06-25,78415.58650246468,79433.93313267332,0.0,20359.64413868312,16491.311752333335,5128.179379656871,51015.271726105166,10800.0,10800.0
问题3,2025-06-26,75157.87639179218,76885.32370649793,56.29145850000009,19794.3434436214,16033.418189333333,5633.3060773765455,49091.08973846885,10800.0,10800.0
问题3,2025-06-27,61574.18711965397,57356.91860889565,0.0,9831.445925068587,7963.471199305555,35717.29801646595,36510.947867755094,10800.0,10800.0
问题3,2025-06-28,42515.80396938944,42157.858255510844,0.0,17825.493766563784,14438.649950916668,16994.08832319706,24998.87032818055,10800.0,10800.0
问题3,2025-06-29,52770.19222324249,67410.20038291802,5443.770170031947,18480.747141153286,15096.531923786662,201.98680224999953,81669.57347636938,10800.0,10658.748067274999
问题3,2025-06-30,79817.3223880454,78541.25563451303,42.150895638888755,21002.955901827496,16885.267541027773,4588.034186018862,49756.02038510431,10658.748067274999,10800.0
问题3,2025-07-01,69954.09440147872,79647.74905885372,2350.6423690491692,20169.54065006344,17037.69325549388,0.0,70145.02842173565,10800.0,10021.816301174998
问题3,2025-07-02,73377.94974886111,76165.94907458132,460.03487099666677,20410.773745199924,16836.1957992886,146.63963300000012,52334.05353155535,10021.816301174998,9684.628450423148
问题3,2025-07-03,82734.08433256001,83341.94880577405,798.0615975488886,21824.44763111351,17839.54662551278,394.6904643888874,59955.11898547273,9684.628450423148,9504.912845633333
问题3,2025-07-04,57667.67446090953,58662.684068603085,0.0,13986.863843829564,10163.781274571942,25958.734032678803,36991.01144895208,9504.912845633333,10800.0
问题3,2025-07-05,45544.268366222226,45758.45546389611,0.0,20271.70371306584,16420.080007583332,13116.75179174694,27225.62023231687,10800.0,10800.0
问题3,2025-07-06,56731.48967508739,74729.18895171784,7731.1731109933335,19326.36498050617,16659.984467795,0.0,102793.5738693916,10800.0,9682.63462935
问题3,2025-07-07,78146.35341149589,77718.0891766378,524.4751013888877,20995.174687093273,17266.98057663889,1104.8874009056474,52682.547610501686,9682.63462935,9392.75787369074
问题3,2025-07-08,87872.25301820037,83032.20558411213,58.753775750000386,22306.963412991776,17642.630068916667,2855.238999120368,55390.02229446463,9392.75787369074,9866.102646587036
问题3,2025-07-09,88266.7193154678,81566.36111621297,18.746254166666517,21475.0244319489,16869.201993138886,2920.5599149029517,53912.041706754855,9866.102646587036,10450.066865186729
问题3,2025-07-10,80724.4375381176,79580.98917800232,83.8303168611111,21680.44424981893,17332.849726550834,2463.6015882620054,51694.10561290002,10450.066865186729,10703.744771633952
问题3,2025-07-11,73032.5148017524,66261.71157049143,0.0,10467.297179391622,8391.881009777777,31667.518250877583,43080.03972100327,10703.744771633952,10800.0
问题3,2025-07-12,49832.134656277776,51050.304324866665,0.0,18387.12859135802,14893.574159000002,16472.50655917531,31557.021036436527,10800.0,10800.0
问题3,2025-07-13,66058.79110365282,68241.3612080375,4127.580531151664,18191.649509333332,15147.724378477502,57.29620833333331,76390.24371089542,10800.0,10341.679693425
问题3,2025-07-14,82558.32062416356,78948.11301998148,30.12308113888855,19879.933772689306,15720.2213459,3010.844457664394,51753.35173246033,10341.679693425,10766.707482289818
问题3,2025-07-15,86163.35997793442,79315.27450682067,0.0,19557.461924549723,15811.580892946116,2820.3428918837435,52199.92688169446,10766.707482289818,10800.0
问题3,2025-07-16,82024.19826695645,79338.16022802057,58.60839241666656,19493.929581172844,15790.082960749998,3558.358616681067,51794.12858447682,10800.0,10800.0
问题3,2025-07-17,80732.46144563991,81034.51831008642,0.0,21102.242750960213,17092.816628277775,4304.676120737314,52822.379085693145,10800.0,10800.0
问题3,2025-07-18,75006.46521010528,66142.45208849195,0.0,9698.433486934151,7855.731124416665,33025.50162597446,43929.42910692739,10800.0,10800.0
问题3,2025-07-19,52941.78291357639,50100.93606485582,0.0,18230.30682699589,14766.548529866674,19454.358717726605,31634.71637933068,10800.0,10800.0
问题3,2025-07-20,65236.934211490734,73412.15459994675,2020.3018999447177,18801.699574477017,15572.36411041889,113.14281916666641,65567.87509991774,10800.0,10418.902827675001
问题3,2025-07-21,87495.79046099553,84438.19943891995,0.0,20586.992224668382,16332.476246888888,6193.934111140457,54488.61302486244,10418.902827675001,10800.0
问题3,2025-07-22,82997.60411021809,83521.03989850412,39.89336099999991,19752.42116536351,15999.461143944445,6012.828621418386,54229.928031782874,10800.0,10800.0
问题3,2025-07-23,94494.35246543724,83943.98973127239,0.0,21237.220869238678,17202.148904083333,5692.370649450375,56831.92475450067,10800.0,10800.0
问题3,2025-07-24,93492.25580806195,84057.50656708264,0.0,19201.872563511657,15553.516776444443,6792.678780015436,56733.2124573897,10800.0,10800.0
问题3,2025-07-25,65868.05615628842,65338.77890800651,0.0,10806.255210876538,8753.066720809997,36780.270851273315,41266.40087045166,10800.0,10800.0
问题3,2025-07-26,51736.9515571845,51673.30577081777,0.0,16880.730643957133,13673.391821605279,19996.875381799255,31416.595597732674,10800.0,10800.0
问题3,2025-07-27,64344.6041161989,73216.39859463167,3895.9332006688896,19134.201402388884,15752.078916254999,45.01950916666692,75634.92147469026,10800.0,10518.4713552
问题3,2025-07-28,88042.84376886848,87881.63310275172,0.0,21152.568968823387,16880.205084426947,5654.39198502195,56659.05335550911,10518.4713552,10800.0
问题3,2025-07-29,85256.66740592626,87522.05386754841,30.59081999999978,18968.045452639235,15364.11681663778,7879.470101546947,57812.35186280208,10800.0,10800.0
问题3,2025-07-30,77637.85781781893,84725.9674856799,0.0,19037.690117352533,15420.528995055556,7005.552313382916,56872.75273189769,10800.0,10800.0
问题3,2025-07-31,82034.78775216837,83989.57203777425,30.08414441666673,20940.388436325447,16961.71463342361,5345.986112622424,54540.81131418041,10800.0,10800.0
问题3,2025-08-01,64224.81749406206,61528.52081650548,0.0,11716.157369123111,9490.087468989721,38051.09124970542,39628.2546834134,10800.0,10800.0
问题3,2025-08-02,52548.80088573316,50231.45469909666,0.0,16651.704961163232,13487.881018542223,26140.605823142316,31067.065258380393,10800.0,10800.0
问题3,2025-08-03,55985.13906652777,60946.25365044583,5266.743037285834,20402.955648232506,17103.274947750837,73.83600391666641,73301.59026220732,10800.0,10159.021252575
问题3,2025-08-04,75730.4027542908,73656.36721581538,0.0,19385.245513577505,15125.167993315277,3980.6346122198165,49330.13376078913,10159.021252575,10800.0
问题3,2025-08-05,73834.73777429275,73843.81075518447,14.487619583333071,19346.560560182774,15670.714053748054,5030.1421349997645,48396.97926236696,10800.0,10800.0
问题3,2025-08-06,80708.60973632062,75826.99725608435,0.0,19435.325610356645,15742.613744388887,4019.886123449932,50231.65787310087,10800.0,10800.0
问题3,2025-08-07,82686.96055456549,72001.04833097884,38.51384783333344,19180.519308882023,15536.220640194444,5007.278260124588,49813.899533862554,10800.0,10800.0
问题3,2025-08-08,59839.04225691667,59418.72790017376,0.0,12890.153075514403,10441.023991166665,41194.42756582602,37284.29717150001,10800.0,10800.0
问题3,2025-08-09,47279.21526530555,47112.81361522427,0.0,18208.56595730453,14748.938425416669,24731.257083336408,28373.863244231998,10800.0,10800.0
问题3,2025-08-10,56836.649054118054,63408.47527147273,4783.894594445277,17652.423148770235,14777.677149518891,13.004816666666784,76133.75599762125,10800.0,10267.53955665
问题3,2025-08-11,74069.1791415216,72596.74481035813,49.592681583333274,20005.615573864885,15922.040885138887,4001.509469882131,47667.615214323836,10267.53955665,10581.437034085186
问题3,2025-08-12,79728.68417081653,74299.54978892561,74.67571266666687,18800.48616353978,15060.16635935,2873.3620474024992,49487.95034485227,10581.437034085186,10768.35640421543
问题3,2025-08-13,72199.34605083222,72885.2984552953,32.055469916666425,18977.721381006868,15343.47508240945,3162.128176614548,46945.7012082277,10768.35640421543,10800.0
问题3,2025-08-14,74177.79065890204,73472.33709279128,119.52437458333361,20619.5402356046,16701.827590839723,3747.8578392764084,49263.11709354755,10800.0,10800.0
问题3,2025-08-15,66871.47504579596,61230.51021463888,0.0,10793.481088271608,8742.719681499999,42020.02192453395,39827.867569222624,10800.0,10800.0
问题3,2025-08-16,49916.96065093072,46018.38457361111,0.0,19299.4549446502,15632.558505166668,25422.20776746091,29208.714249382625,10800.0,10800.0
问题3,2025-08-17,56750.41543700389,61453.29119426945,5100.24490481389,20115.594316749997,16753.191200999994,25.739366666666683,72529.5341968414,10800.0,10289.377995074998
问题3,2025-08-18,74290.72981550652,70514.66354243891,130.96651183333324,20436.110230347396,16093.689482148886,1909.0936894070624,47383.484851810616,10289.377995074998,10800.0
问题3,2025-08-19,73447.2579296536,70649.68058412513,183.02359908333335,18600.959037987996,15066.776820770276,2980.861915990741,47349.559522745185,10800.0,10800.0
问题3,2025-08-20,81774.0177575,76231.98304466016,27.00547741666651,20654.56154501131,16730.194851459168,1683.930761858021,51315.874521775324,10800.0,10800.0
问题3,2025-08-21,77572.39549984189,71320.14206218914,23.80442883333353,18641.96281800411,15099.989882583332,1957.555072268375,47359.22277664835,10800.0,10800.0
问题3,2025-08-22,60558.19068049027,58278.979232444995,0.0,14623.148215843614,11844.75005483333,34270.01167143472,37712.89418334845,10800.0,10800.0
问题3,2025-08-23,46913.04074302777,47559.433690611106,0.0,17875.206004766806,14478.916863861115,21633.138399705407,28864.79444899505,10800.0,10800.0
问题3,2025-08-24,56930.21594058332,62063.488416019885,5446.128566632502,21066.47446219239,17595.82458787333,305.37762499999815,74986.34682392678,10800.0,10208.910807225
问题3,2025-08-25,95074.7859943611,77485.4717357325,34.602244000000155,21028.564556623445,16696.2795155,2414.701921942389,55000.51265900724,10208.910807225,10583.197224297222
问题3,2025-08-26,73054.63098217729,72047.83436956446,13.00208124999972,20601.804432811034,16492.339092444443,2422.5527271145456,46979.9449375169,10583.197224297222,10800.0
问题3,2025-08-27,73930.28658873559,75469.85694725979,20.89351666666687,19956.19692743347,16164.51951122111,3784.9241810474323,49906.84657755146,10800.0,10800.0
问题3,2025-08-28,72435.75067743141,77683.1439097285,76.1256169999998,21256.282854063436,17217.589111791385,2952.7808011231155,51332.994788553144,10800.0,10800.0
问题3,2025-08-29,67482.45185035802,62559.10975788888,0.0,11828.062147530862,9580.730339499998,37756.557599858024,40624.39706283789,10800.0,10800.0
问题3,2025-08-30,48671.8240046749,47037.18775202743,0.0,18088.46926958162,14651.660108361113,25087.65875747359,28966.538162616267,10800.0,10800.0
问题3,2025-08-31,56886.095401419756,64592.44319322496,5230.57433327111,17654.015871992455,14673.21711274639,195.5956839166671,79978.27249783723,10800.0,10385.039715074998
问题3,2025-09-01,81892.0138715649,70580.40431251684,0.0,16453.566375636823,12953.924507833333,13506.627911380012,48534.099237584145,10385.039715074998,10800.0
问题3,2025-09-02,66304.31271355794,67044.71444307483,0.0,18993.95818223594,15385.10612761111,9378.106538450009,43126.97113173365,10800.0,10800.0
问题3,2025-09-03,70665.67440788477,66516.71998965842,0.0,16704.554512757204,13530.689155333332,7795.137382234547,43637.14158364081,10800.0,10800.0
问题3,2025-09-04,68358.54898585012,65732.41580050104,0.0,19293.14201838134,15627.445034888888,8141.15326700858,42961.988817204765,10800.0,10800.0
问题3,2025-09-05,53300.802819472214,51782.541874916664,0.0,13806.607727983537,11183.352259666666,42335.02473993313,32843.777879750225,10800.0,10800.0
问题3,2025-09-06,42501.324350027775,41687.752952333336,0.0,17251.607501508915,13973.80207622222,30688.863827046636,24787.06686616419,10800.0,10800.0
问题3,2025-09-07,50187.09743216666,55216.29090573589,3650.314053417222,19393.305167016457,15722.974254613333,235.29043008333292,59724.40617777058,10800.0,10784.0032563
问题3,2025-09-08,68774.78591364025,66149.87927257895,0.0,19354.217191592594,15662.518855859995,3062.6114035130286,42559.45127522944,10784.0032563,10800.0
问题3,2025-09-09,58972.59377322222,60177.937702871,2.352616666666563,21254.290664949884,17215.975438609403,3039.1408265305117,38500.25180753693,10800.0,10800.0
问题3,2025-09-10,69685.11914171334,66861.43321511196,255.68709958333056,22237.296972760974,18012.21054793639,1576.0352398707048,44001.587247629024,10800.0,10800.0
问题3,2025-09-11,68261.41721598731,60312.60041363333,6.071666666666715,20686.284587009603,16755.890515477775,2892.192225434839,40157.63632751691,10800.0,10800.0
问题3,2025-09-12,50088.032217416665,50164.40919432833,0.0,13744.087221502054,11132.710649416666,36001.376422242945,30687.489848669513,10800.0,10800.0
问题3,2025-09-13,38294.68806627777,38198.94004847873,0.0,18302.89820631002,14825.347547111112,26714.287905946494,21796.853937302323,10800.0,10800.0
问题3,2025-09-14,51443.07660842764,57266.47505935486,5194.445281700001,16715.08596278875,14353.490371733888,0.0,73294.10344318069,10800.0,9895.25473125
问题3,2025-09-15,60375.82711182201,60675.57835045884,419.7271669844458,22013.86940637346,17725.531028499994,1739.9365062364946,40551.83628001524,9895.25473125,10012.702720874999
问题3,2025-09-16,72455.51748676473,64527.12439391002,8.238266666666732,20941.433794270568,17097.951285259725,1200.110168232514,43122.53996439271,10012.702720874999,9862.269485429933
问题3,2025-09-17,68670.43015971674,65134.65356236472,7.629166666666833,21018.940227356645,16984.75647582833,1147.9805775030827,42208.636287610665,9862.269485429933,9907.364050241662
问题3,2025-09-18,60598.82596118243,65113.42597899408,247.83776688693894,21170.930382714003,17167.547315525,2401.8295620253543,43164.42232120689,9907.364050241662,9886.1488218787
问题3,2025-09-19,51523.69435207216,50756.75021303049,0.0,13103.709123342935,9791.53832959861,31343.227102619505,31267.760989690825,9886.1488218787,10800.0
问题3,2025-09-20,39074.91731177777,38226.258221055556,0.0,19065.116747599444,15442.744565555557,18958.45230567833,22038.627456094633,10800.0,10800.0
问题3,2025-09-21,48500.44195328888,55616.79588102222,5429.732987394445,17178.308581583333,14439.789796500001,20.52260000000001,73180.54731006167,10800.0,10216.266838425
问题3,2025-09-22,73381.43567536007,65164.85377395223,19.555900000000065,21876.79010398799,17695.93982678027,389.53951341117937,43722.995311976294,10216.266838425,10243.222568925
问题3,2025-09-23,72174.31721008582,67246.21321995894,173.64790083500145,21835.491385017485,17728.787783472508,1196.54193591564,44470.00860353046,10243.222568925,10196.51172269352
问题3,2025-09-24,61995.98635209704,65647.03739480786,0.0,21594.525647351158,17246.962199562502,236.24884701920791,42251.39443293531,10196.51172269352,10468.293472462345
问题3,2025-09-25,67905.4773269969,67242.68827618353,144.6710117388912,20379.717582894715,16607.465832492224,3279.6586375199277,44047.56753846133,10468.293472462345,10357.299483187344
问题3,2025-09-26,59056.08122353188,52895.038827638884,0.0,11930.543664977024,9265.3099035,32535.561566161865,33589.52936128782,10357.299483187344,10800.0
问题3,2025-09-27,38633.37770133333,38963.72280220055,0.0,19312.05914735939,15642.76790936111,17493.12931420227,22331.912732486893,10800.0,10800.0
问题3,2025-09-28,48456.55929555555,60384.56371764408,5790.873140626389,17369.71560558436,14825.501070008337,143.5931560277777,80263.59030906117,10800.0,9959.965078349998
问题3,2025-09-29,71622.31294196981,66538.75561678142,778.1529580619441,21884.862317730804,17773.306579174452,445.46123628702685,47497.780622008606,9959.965078349998,9908.222743002776
问题3,2025-09-30,70724.47730524724,71600.98158778269,31.411150000000134,22467.824651069277,18058.99057674611,1801.3838967928627,46116.72247330822,9908.222743002776,10063.719843691664
问题3,2025-10-01,67382.34682781754,62050.86485658531,0.0,20462.11308773629,15911.659460388886,7838.889695904581,40360.287269028435,10063.719843691664,10800.0
问题3,2025-10-02,72653.37920649999,61133.337346030276,0.0,20397.42233988031,16521.91209530305,5527.043984786351,41359.91348952775,10800.0,10800.0
问题3,2025-10-03,48626.57298963888,48974.06107113388,0.0,13018.850251165986,10545.268703444446,38683.32582341234,29336.109980375863,10800.0,10800.0
问题3,2025-10-04,40028.84216227138,39461.877749309104,0.0,16448.86117088478,13323.577548416666,23240.611693507664,21981.86990452461,10800.0,10800.0
问题3,2025-10-05,51149.13784339746,53606.38961189999,4640.751597100001,19901.517854666665,16480.411159500007,90.07344716666637,63113.49607360621,10800.0,10399.798114199999
问题3,2025-10-06,61227.193845326125,63608.597147447275,0.0,20745.017365696927,16443.282368994507,1573.7529007448557,40361.35653321921,10399.798114199999,10800.0
问题3,2025-10-07,65648.52346660734,65358.42365920161,0.0,20145.4451830823,16317.810598296664,3759.226074415981,41555.34230007959,10800.0,10800.0
问题3,2025-10-08,62045.136929594984,61715.11611403525,0.0,21387.823854526752,17324.13732216667,1172.9339150084975,37998.52646211309,10800.0,10800.0
问题3,2025-10-09,72147.99739622153,60871.5875867382,79.3217618444457,21608.49487335475,17502.880847417357,1085.313639311909,41364.53856761141,10800.0,10800.0
问题3,2025-10-10,53562.758809219136,50403.01661587175,0.0,11804.271757125856,9561.460123271945,38816.594065351164,30395.867341623536,10800.0,10800.0
问题3,2025-10-11,38470.421696066944,38343.21701374225,0.0,17818.981749162893,14433.375216821943,20851.29689806797,20755.648182204834,10800.0,10800.0
问题3,2025-10-12,46669.22072172222,54840.72117580555,6187.174711027781,16955.716935916666,14449.902315750001,7.1252833333333,76768.53440867059,10800.0,10004.698224825
问题3,2025-10-13,68113.30550917421,61843.481200590075,0.0,20744.698528364195,16677.868979686664,749.2563519125508,41771.21270723514,10004.698224825,10143.961367367594
问题3,2025-10-14,70452.82509128324,65889.32482228978,49.62615991666536,21701.1089851749,17535.750697560004,999.7634112582257,42420.81894283966,10143.961367367594,10190.792012291666
问题3,2025-10-15,73712.50180349131,67236.55114135664,0.0,21859.849898216733,17497.347597805558,954.025190945468,43234.05568418546,10190.792012291666,10423.159589791665
问题3,2025-10-16,69403.07543491632,68138.87391890494,0.0,22037.359005444006,17806.922279803814,941.9642432647497,43114.560408306395,10423.159589791665,10471.313494909258
问题3,2025-10-17,48424.06807059195,50405.66095311973,0.0,13573.50943329904,10698.724786390556,31526.676989544576,30638.102272125347,10471.313494909258,10800.0
问题3,2025-10-18,39046.19801555555,38001.52385019444,0.0,18140.029039471876,14693.423521972221,18478.32506602812,21197.83653414889,10800.0,10800.0
问题3,2025-10-19,50493.82650995713,59786.336169412316,6817.523731416668,17000.276015608713,14282.13864811306,0.0,84491.19578625413,10800.0,10231.2054717
问题3,2025-10-20,75049.7198544266,70259.28303017383,12.757894916668306,21289.277371196495,17268.290738647498,1810.2719258748248,45269.301387848514,10231.2054717,10204.565396168517
问题3,2025-10-21,73906.93957321768,72606.59505447742,0.0,22361.87280417274,17879.52616700472,1661.667067309419,45444.6995534358,10204.565396168517,10464.110734363185
问题3,2025-10-22,71094.8397023882,70865.13501644386,110.79234716666792,22061.885528895065,17875.758108479997,1234.9032431954656,44795.23115462054,10464.110734363185,10457.854256502073
问题3,2025-10-23,81476.23216530142,68842.88941299386,0.0,22121.504940872765,17753.79017654111,1095.6776153288715,47213.75306870395,10457.854256502073,10640.775173797443
问题3,2025-10-24,53432.22918225,52607.61832809096,0.0,13043.985699963061,10422.326073387776,31565.90798484901,32044.434071470383,10640.775173797443,10800.0
问题3,2025-10-25,39281.851430833325,39642.18881858916,0.0,17585.056820267484,14243.896024416666,16902.595289405013,21784.397404340372,10800.0,10800.0
问题3,2025-10-26,54197.730516805546,61103.35423811111,6184.500152555553,17394.338484,14667.382934999996,16.58682500000009,81504.01067025737,10800.0,10157.8124856
问题3,2025-10-27,67895.41398553224,70525.16983176267,80.50562980555651,21660.583961838824,17574.029699527775,2966.53953259053,46294.894582535795,10157.8124856,10125.638385112961
问题3,2025-10-28,68152.68942194444,71513.16251596804,0.0,21199.84667084431,17042.266209583056,1383.1603547067907,45714.81815163573,10125.638385112961,10269.649044891667
问题3,2025-10-29,76615.58235719024,75343.9459174638,73.21831798250048,22294.52014913854,18061.171475804724,1871.5587621124866,48102.10185815446,10269.649044891667,10266.748872666667
问题3,2025-10-30,67895.34677761007,70331.99911142359,0.0,21933.029425328183,17680.017228499997,1291.169264595413,44699.33009326992,10266.748872666667,10362.011768239814
问题3,2025-10-31,61887.16419030521,57500.214952134425,0.0,12811.057833643,9982.767436666665,30767.632488491425,35332.3708872665,10362.011768239814,10800.0
问题3,2025-11-01,40514.97204997222,40368.07112899194,0.0,17534.823882853227,14203.207345111112,14492.416157916497,22363.069569136496,10800.0,10800.0
问题3,2025-11-02,53895.96313142694,64663.66598850143,7114.050646777778,18407.846543057272,15462.902041111392,36.3882000000001,88928.00888359385,10800.0,10186.059620850001
问题3,2025-11-03,80310.5165461111,75748.77333486706,0.0,22479.032300219475,17953.541206972775,1718.3519582870356,48269.096465334354,10186.059620850001,10468.80957218889
问题3,2025-11-04,73507.54400156274,73289.93178688752,172.36279753972096,21571.92794441461,17450.314900490837,1760.609507170143,47572.17337503668,10468.80957218889,10494.305943838888
问题3,2025-11-05,81873.46901116119,75726.89528077442,3.2276833333334025,23410.904998292524,18687.70839807194,1328.906297220501,49030.37333033204,10494.305943838888,10800.0
问题3,2025-11-06,76338.71889736247,77802.16499722931,4.651141960276891,21932.56059082681,17820.373165982222,2325.044164344996,49671.96712877216,10800.0,10738.889902875
问题3,2025-11-07,59060.14456929457,60435.351343504575,0.0,11530.053846831277,9284.344528520833,34871.1802418608,37425.453896010804,10738.889902875,10800.0
问题3,2025-11-08,42665.824109905,42767.67827794833,0.0,15877.769131838815,12860.992996789442,15959.69504289896,23425.97802443779,10800.0,10800.0
问题3,2025-11-09,58273.17261298456,67798.500691471,6560.716235103908,18423.934615657403,15417.503109082496,5.968236666666712,87589.04552073937,10800.0,10250.982144000001
问题3,2025-11-10,80016.07328112265,80223.0133918045,19.435127583330427,22494.74980107339,18200.10094000445,2089.3565583188984,51792.751896662805,10250.982144000001,10273.922587183333
问题3,2025-11-11,82780.10806469888,77801.47171438283,0.0,22371.730631798015,17882.73840092306,1753.459816841219,50475.97647244766,10273.922587183333,10538.77082144259
问题3,2025-11-12,78963.03888260998,77552.9464886116,0.0,22004.300856760972,17677.074404443054,2269.7322862936926,50311.64545074559,10538.77082144259,10701.447809812962
问题3,2025-11-13,76703.85635062447,77391.4814548564,0.0,21218.77825662659,17098.513416699203,875.3452982623467,50617.65417532083,10701.447809812962,10800.0
问题3,2025-11-14,63030.93014544513,58572.95190687894,0.0,12056.947231241416,9766.127257305552,28683.676632943076,36410.70706614005,10800.0,10800.0
问题3,2025-11-15,48053.4916051406,43697.436081249994,0.0,16161.56475421811,13090.867450916667,12414.851861281886,25154.596720903897,10800.0,10800.0
问题3,2025-11-16,58844.69462810665,70449.83899482222,7051.658333311665,19463.917127555553,16396.964182755,0.0,91448.1341667753,10800.0,10098.67632285
问题3,2025-11-17,76770.84469641905,80075.97871033158,0.0,22157.380006854255,17581.792705111107,2804.637075255102,52248.053945754764,10098.67632285,10504.993101117594
问题3,2025-11-18,81032.08469988685,80534.63291507543,0.0,24323.120951562072,19618.822411527777,939.7825417078062,50643.55610858185,10504.993101117594,10597.110389159261
问题3,2025-11-19,80359.98885864209,81793.46510250513,0.0,22892.04860690055,18463.510215027778,1996.615110632375,53112.99879900829,10597.110389159261,10684.942785338892
问题3,2025-11-20,80724.30158326331,81107.13225199726,0.0,23559.129431960566,18979.34334669306,1734.270133396424,51343.76850426631,10684.942785338892,10800.0
问题3,2025-11-21,64554.05279234533,62789.26797796536,0.0,11414.148171844989,9245.460019194445,31756.195758648148,38745.09265806645,10800.0,10800.0
问题3,2025-11-22,51066.48383213477,44203.083156972214,0.0,16563.497622839506,13416.4330745,10836.189125299381,25992.301389598906,10800.0,10800.0
问题3,2025-11-23,60734.612132263355,71213.32218178696,7156.489512475278,18989.749656937245,15864.046829341667,12.012583333333396,91938.85914954788,10800.0,10264.055991975
问题3,2025-11-24,80192.6775176492,79397.24627991363,62.606824416663855,23517.3336366742,19045.126832428614,825.702600084709,50426.34442058496,10264.055991975,10268.404228949998
问题3,2025-11-25,92026.39034419582,82339.84526771432,0.0,23268.405303411186,18625.009851222225,1527.7893488587026,55241.070012957665,10268.404228949998,10515.513611773145
问题3,2025-11-26,86636.55032296672,83920.10480697942,32.99316666666664,23707.559991514056,18947.085843722223,2434.9569425209197,54287.41437812338,10515.513611773145,10800.0
问题3,2025-11-27,84097.73282102193,82325.75879203787,0.0,22739.988168004114,18419.39041608333,2224.2683067837725,52867.722150552254,10800.0,10800.0
问题3,2025-11-28,67700.32902736249,64240.11480333181,0.0,11870.885354869684,9615.417137444445,31063.40803590658,39721.69108821945,10800.0,10800.0
问题3,2025-11-29,57616.07674441366,47502.276369870226,0.0,16732.331499485594,13553.18851458333,9393.683284967969,28958.743676763723,10800.0,10800.0
问题3,2025-11-30,65872.60293110082,76331.517243515,7272.254920937498,20536.940022333332,17184.5505245475,6.554550000000063,96386.196587745,10800.0,10189.300992824998
问题3,2025-12-01,90478.26918324897,88178.86409938466,3058.751178325151,24511.005001858706,19702.188590482223,129.87113299999976,73164.4770663918,10189.300992824998,10357.88483840648
问题3,2025-12-02,97144.6277925463,92672.75441896406,1174.6274998958284,25058.927142774348,20308.367637942218,459.0124640277769,66586.1194312793,10357.88483840648,10346.066335856482
问题3,2025-12-03,87423.8524442805,92776.1293382987,429.5271712436146,25370.448232743147,20238.69394428,911.1536544125142,63145.6694330777,10346.066335856482,10692.032029458642
问题3,2025-12-04,95290.07969988888,90818.71774472768,1419.5978836188885,25155.609392398146,20288.474119245002,599.9716051934163,67376.4297501043,10692.032029458642,10789.331461233642
问题3,2025-12-05,78236.66317756413,72348.94588961151,0.0,11524.572544192042,9325.302075905834,28838.047737991976,46408.07578008706,10789.331461233642,10800.0
问题3,2025-12-06,59531.00565366596,53562.337206004784,0.0,17782.110057784637,14403.509146805556,6519.105478359041,31465.661989037817,10800.0,10800.0
问题3,2025-12-07,77734.03268754733,81917.60134669572,8949.032345953057,20081.176190041835,16896.317630726386,29.093883333333224,108403.36816323089,10800.0,10099.372314675
问题3,2025-12-08,100699.27943382441,95657.06105575593,0.0,24056.669342926954,19199.17319551417,2952.3537916764776,63129.46293187554,10099.372314675,10417.960061626854
问题3,2025-12-09,99479.96174018347,93964.82600974102,56.88501663888917,25515.012303659227,20545.917504903977,1664.1619609579952,62458.34832678428,10417.960061626854,10552.673907249078
问题3,2025-12-10,95699.92807347221,95585.450879967,0.0,25264.563114339155,20241.702639138886,2174.971938100069,61749.97693456059,10552.673907249078,10800.0
问题3,2025-12-11,99309.27387696123,93547.64366799624,0.0,24028.650179449243,19463.206645353886,3020.945433900889,61557.714882172455,10800.0,10800.0
问题3,2025-12-12,81320.07783952367,76626.43219982309,0.0,10794.76661762688,8743.760960277777,30861.013059140667,49015.153543522756,10800.0,10800.0
问题3,2025-12-13,61838.050289126186,56532.379344843415,0.0,17011.810360565843,13779.566392058336,9501.601993002572,33504.46553554055,10800.0,10800.0
问题3,2025-12-14,73404.65397214056,84726.4588996811,7622.3356991483315,21526.75544161111,17960.987576115,4.304933333333224,102305.21399612838,10800.0,10217.427035100001
问题3,2025-12-15,94000.00169539437,96698.17955878632,10.63494999999989,25036.034435177295,19959.94234812778,2163.1644550701385,62721.51539683211,10217.427035100001,10572.144306617596
问题3,2025-12-16,99293.75139308331,96152.8461608227,0.0,24488.35167544619,19640.243071586417,1886.646223629594,62879.75970807339,10572.144306617596,10789.168512756487
问题3,2025-12-17,99972.68216064712,94713.42199329394,2.44443333333345,24496.200414484905,19832.173997213617,1859.992942689333,62325.55486082914,10789.168512756487,10800.0
问题3,2025-12-18,95167.75963352778,94537.69241127021,0.0,24360.33996906721,19731.875374944444,2542.9608504807775,61127.66292033538,10800.0,10800.0
问题3,2025-12-19,79352.70457388717,75563.2185131935,0.0,11487.980664917686,9305.26433858333,30472.11088685914,47970.49134149343,10800.0,10800.0
问题3,2025-12-20,61250.34565879937,55480.959857258495,0.0,17085.227221570647,13839.034049472222,9378.414435160079,32793.30327757174,10800.0,10800.0
问题3,2025-12-21,77310.85413994445,85121.50365432732,7585.228228468059,21594.092755830934,17953.755573035553,28.61283333333347,101520.99672339125,10800.0,10286.066176875
问题3,2025-12-22,96463.83287920164,95794.14766947387,5.01988083333481,24690.485241058297,19953.472419722224,2124.7276456377913,61796.46696075266,10286.066176875,10336.977983024999
问题3,2025-12-23,99008.65956841802,95085.40849316749,0.0,24732.08098517867,19674.327567893335,2769.5625425488306,62155.96248925541,10336.977983024999,10735.486905359874
问题3,2025-12-24,97808.52936401199,95318.33959561732,0.0,24317.787985056253,19639.34648271944,2785.3387766138394,62164.573154382386,10735.486905359874,10800.0
问题3,2025-12-25,94381.08083238888,96063.95736825175,0.0,24443.85305904835,19799.520977829165,3607.1767536992497,61989.84066086688,10800.0,10800.0
问题3,2025-12-26,80404.400953726,75289.8108933198,0.0,11336.538236625513,9182.595971666666,30128.24619502761,47924.58918525232,10800.0,10800.0
问题3,2025-12-27,61320.278007154164,56483.872638121284,0.0,16604.734528206445,13449.834967847222,9990.164011095394,33095.87539272974,10800.0,10800.0
问题3,2025-12-28,76534.27959413614,83592.23494058926,6844.256188904168,21032.365405597044,17428.255301103607,23.126274999999964,96210.0699350299,10800.0,10364.4007527
问题3,2025-12-29,96219.00522385666,96791.15823061936,0.0,24203.80457212997,19486.181737497773,4549.7691293205025,62016.1088001237,10364.4007527,10496.511825952779
问题3,2025-12-30,96736.99028539128,94162.31377789898,4.574113055555472,24331.10394114334,19450.267682881942,3061.649032693145,61084.527510947875,10496.511825952779,10783.0968364463
问题3,2025-12-31,98365.30172076063,96233.2496550305,0.0,24464.334338396093,19804.153883458333,2926.6462667594046,62241.668390450686,10783.0968364463,10796.38231493797
问题4-2,2025-02-01,58521.07480063295,58521.07480063295,0.0,17082.887625087045,13837.13897632051,20897.15021853309,26273.87923138277,10800.0,10800.0
问题4-2,2025-02-02,73986.03376845029,73986.03376845029,8986.998445866797,23960.804735014404,19657.204766056282,313.15429535897545,101981.07979621364,10800.0,10523.385632561538
问题4-2,2025-02-03,92133.42332788461,92133.42332788461,0.0,22148.93205305761,17691.682032282053,7459.256807109055,65505.808431362566,10523.385632561538,10800.0
问题4-2,2025-02-04,94033.3344528846,94033.3344528846,0.0,23406.886684029763,18959.57821406411,8391.162032918957,67025.4924164854,10800.0,10800.0
问题4-2,2025-02-05,92080.54115206584,92080.54115206584,0.0,24291.04706666666,19675.748123999998,6716.81522606585,65136.99503282772,10800.0,10800.0
问题4-2,2025-02-06,92304.7797555,92304.7797555,0.0,22026.73711851851,17841.657066,7848.642486314822,65220.162675490865,10800.0,10800.0
问题4-2,2025-02-07,76420.22801569547,76420.22801569547,0.0,14004.659279835389,11343.774016666666,41953.663085860084,37133.40072222002,10800.0,10800.0
问题4-2,2025-02-08,52300.060777074075,52300.060777074075,0.0,16939.765469135808,13721.210030000002,17504.3426212716,22695.654887122662,10800.0,10800.0
问题4-2,2025-02-09,67526.82843094054,67526.82843094054,15326.483428016658,19158.79854322222,15918.505934265007,57.60328333333348,137621.61651222216,10800.0,10355.689873049998
问题4-2,2025-02-10,89868.968858,89868.968858,0.0,21071.697156903287,16671.358685666666,11141.992803430043,61301.20942842998,10355.689873049998,10796.485441299996
问题4-2,2025-02-11,87583.29255815226,87583.29255815226,0.0,21800.173240119344,17654.977221666668,8217.499406366253,60005.04270237146,10796.485441299996,10800.0
问题4-2,2025-02-12,87694.91007331276,87694.91007331276,0.0,21798.04332448559,17656.415092833333,8286.545708327165,59778.2090450599,10800.0,10800.0
问题4-2,2025-02-13,87212.21836500001,87212.21836500001,0.0,20895.181207407404,16925.096778,11912.654918925924,58782.653618076074,10800.0,10800.0
问题4-2,2025-02-14,67578.85355901647,67578.85355901647,0.0,11364.840879012345,9205.521112,35617.731975337454,32480.7454214201,10800.0,10800.0
问题4-2,2025-02-15,48782.391580878604,48782.391580878604,0.0,16998.068767283952,13768.435701499997,16272.667415094651,21426.521304545153,10800.0,10800.0
问题4-2,2025-02-16,65200.74978864197,65200.74978864197,13382.803002936664,19072.166056141978,15892.52383123,26.531466666666688,123805.18206593662,10800.0,10306.58963805
问题4-2,2025-02-17,84647.64868732303,84647.64868732303,0.0,21865.51190949382,17379.369623666666,8977.643234829222,56984.45794086135,10306.58963805,10675.139663631482
问题4-2,2025-02-18,82726.78493358796,82726.78493358796,0.0,22976.87553058436,18498.89487704167,6157.416496711939,54758.89329240417,10675.139663631482,10800.0
问题4-2,2025-02-19,83368.45903734979,83368.45903734979,37.15993333333313,25383.812311316873,20560.887972166667,5703.367248199591,55157.739958310325,10800.0,10800.0
问题4-2,2025-02-20,81425.695835475,81425.695835475,15.23321849999968,22233.473740123452,18009.113729499997,6223.435310018216,54261.54679490974,10800.0,10800.0
问题4-2,2025-02-21,65483.97189062551,65483.97189062551,0.0,12017.37404300411,9734.072974833332,37640.4087891214,30843.472888313645,10800.0,10800.0
问题4-2,2025-02-22,45064.959938333326,45064.959938333326,0.0,18977.321422427987,15371.630352166667,13614.50598473868,19519.495834684618,10800.0,10800.0
问题4-2,2025-02-23,61847.68924697736,61847.68924697736,12931.007273107905,19345.031828211933,16123.432608126666,25.24361666666664,117281.30701321452,10800.0,10295.60352525
问题4-2,2025-02-24,80419.0393573395,80419.0393573395,1.5451723333334257,23272.728484084364,18396.953244833334,7341.775673755141,52652.59760803471,10295.60352525,10800.0
问题4-2,2025-02-25,78701.1064505576,78701.1064505576,20.947333333333177,20785.266238477365,16836.06565316667,8951.529965246915,51035.62788099049,10800.0,10800.0
问题4-2,2025-02-26,77424.23673938273,77424.23673938273,0.0,22225.480657201646,18002.639332333332,4386.547381181072,50545.29682688709,10800.0,10800.0
问题4-2,2025-02-27,78374.27456863373,78374.27456863373,0.0,24370.396347736623,19740.021041666663,6787.315062563789,49592.56365487638,10800.0,10800.0
问题4-2,2025-02-28,61158.46982030658,61158.46982030658,0.0,12736.893831892998,10316.884003833333,35445.866442246916,28209.342489736886,10800.0,10800.0
问题4-2,2025-03-01,42233.97298579999,42233.97298579999,0.0,18158.373052880655,14708.282172833333,15125.116172419337,17989.358524366224,10800.0,10800.0
问题4-2,2025-03-02,57634.5517514609,57634.5517514609,17535.10584656909,17164.701936833335,14353.351405470003,0.0,140062.58468793417,10800.0,10300.063514849999
问题4-2,2025-03-03,78672.34236224522,78672.34236224522,198.48818079191778,25453.55577084126,20607.001292386416,2007.1294312489701,52269.291251567214,10300.063514849999,10311.595605955556
问题4-2,2025-03-04,77857.27386105349,77857.27386105349,0.0,23272.314350995886,18411.010669666666,3796.5122463909393,50504.463242696605,10311.595605955556,10800.0
问题4-2,2025-03-05,77683.1564157572,77683.1564157572,0.0,21561.782705349797,17465.043991333332,7455.945685074071,49365.97326825732,10800.0,10800.0
问题4-2,2025-03-06,75377.81803810698,75377.81803810698,0.0,21213.563463580234,17182.9864055,5406.586846693424,47995.55202239862,10800.0,10800.0
问题4-2,2025-03-07,60019.262173993826,60019.262173993826,0.0,12647.34194526748,10244.346975666664,36693.98167105968,26467.99860564714,10800.0,10800.0
问题4-2,2025-03-08,40065.484112771606,40065.484112771606,0.0,18520.505630041152,15001.609560333334,17483.44852639712,17012.514293982567,10800.0,10800.0
问题4-2,2025-03-09,55842.270937629626,55842.270937629626,11452.7135220777,20054.55101571399,16662.28997717333,569.1983711666667,102141.60971747275,10800.0,10335.44038395
问题4-2,2025-03-10,75679.03259600108,75679.03259600108,0.0,22417.827797847738,17740.336861811666,2959.4702099650135,49209.744446066485,10335.44038395,10800.0
问题4-2,2025-03-11,76987.68371690945,76987.68371690945,0.0,21099.319867695474,17090.449092833336,9039.89414204732,48614.954678629,10800.0,10800.0
问题4-2,2025-03-12,74086.83348905834,74086.83348905834,0.0,22045.183076059657,17856.598291608327,7462.714021273677,46119.825633693574,10800.0,10800.0
问题4-2,2025-03-13,73213.49363954525,73213.49363954525,466.5468469283332,23443.302998442385,18989.07542873833,1680.1949001028793,49393.38930971287,10800.0,10800.0
问题4-2,2025-03-14,61145.84303676749,61145.84303676749,0.0,16426.790751851848,13305.700508999998,41995.3268105823,25872.57193066636,10800.0,10800.0
问题4-2,2025-03-15,38839.10817099999,38839.10817099999,0.0,18871.263719341565,15285.723612666667,14329.4429143251,16690.410504173415,10800.0,10800.0
问题4-2,2025-03-16,53789.0327890745,53789.0327890745,12839.362974980497,17219.546404,14389.930044944997,447.7324716666675,110667.60313098741,10800.0,10308.780602550001
问题4-2,2025-03-17,74783.91733552006,74783.91733552006,0.0,20413.937405602876,16093.191840833333,12605.040337417186,45442.20494932263,10308.780602550001,10800.0
问题4-2,2025-03-18,70472.19803909582,70472.19803909582,387.1759496683317,22211.483591979428,17991.301709503336,5513.233739621395,45321.031423262924,10800.0,10800.0
问题4-2,2025-03-19,71981.87248513168,71981.87248513168,0.0,22972.0464329218,18607.357610666666,8151.713212876546,43834.323765015375,10800.0,10800.0
问题4-2,2025-03-20,72904.69964974896,72904.69964974896,0.0,23053.78134773663,18673.56289166667,6315.519377012344,44804.818279161336,10800.0,10800.0
问题4-2,2025-03-21,55924.39963384978,55924.39963384978,0.0,14722.946594032925,11925.586741166668,41093.57526431687,23898.095138081866,10800.0,10800.0
问题4-2,2025-03-22,38085.99457241564,38085.99457241564,0.0,18650.622803497936,15107.004470833333,18661.1765064177,16018.190441942323,10800.0,10800.0
问题4-2,2025-03-23,50752.63808792592,50752.63808792592,11117.637572145002,17953.02989942592,14894.546939354994,42.07258333333334,95098.29494109626,10800.0,10408.2303102
问题4-2,2025-03-24,68260.41305473045,68260.41305473045,0.0,21877.753099777772,17368.38729,5752.550161619345,41551.06812562983,10408.2303102,10800.0
问题4-2,2025-03-25,69424.25604469136,69424.25604469136,0.0,22290.493174279836,18055.299471166665,4238.937624911522,42489.00142062455,10800.0,10800.0
问题4-2,2025-03-26,70149.54866187037,70149.54866187037,0.0,18807.391289711933,15233.986944666667,10983.58945015844,42378.6696270122,10800.0,10800.0
问题4-2,2025-03-27,68623.80943684361,68623.80943684361,0.0,20563.97625308641,16656.820764999997,5999.664548757208,41469.09644340218,10800.0,10800.0
问题4-2,2025-03-28,52801.23813662346,52801.23813662346,0.0,14746.604135802463,11944.749349999998,39177.502584154325,22907.289701134287,10800.0,10800.0
问题4-2,2025-03-29,37156.092489333336,37156.092489333336,0.0,18007.876684156367,14586.380114166663,26027.386736010296,15251.767123665002,10800.0,10800.0
问题4-2,2025-03-30,46380.2023385,46380.2023385,12171.243567666661,18791.8272095,15592.330170000007,6.3291666666666515,95455.99940703405,10800.0,10387.833188550003
问题4-2,2025-03-31,66836.08055961112,66836.08055961112,0.0,20045.8381952325,15866.178807833334,5705.031688878612,40217.36176312687,10387.833188550003,10800.0
问题4-2,2025-04-01,68494.43653564814,68494.43653564814,0.0,20809.021266460913,16855.307225833334,4331.8709783539,42055.694535317576,10800.0,10800.0
问题4-2,2025-04-02,68158.57773292181,68158.57773292181,760.6962156666675,22643.178294032914,18340.974418166665,4181.734672722232,44853.58868053538,10800.0,10800.0
问题4-2,2025-04-03,70385.68565782715,70385.68565782715,0.0,22670.42779670781,18363.046515333328,10214.774109786016,42247.971257587065,10800.0,10800.0
问题4-2,2025-04-04,50804.0103035,50804.0103035,0.0,12460.527057613172,10093.026916666666,42005.7079125535,22284.82150425527,10800.0,10800.0
问题4-2,2025-04-05,36030.80640916667,36030.80640916667,0.0,17572.62061316873,14233.82269666667,20647.893509331272,15119.915404824598,10800.0,10800.0
问题4-2,2025-04-06,46546.27261144327,46546.27261144327,11290.507449323326,19195.69042193827,15818.768544505005,49.78191666666669,92019.0091571588,10800.0,10499.711885850002
问题4-2,2025-04-07,66238.10402776748,66238.10402776748,0.0,19613.245160989703,15616.469277666665,8998.608861111114,39437.69771079477,10499.711885850002,10800.0
问题4-2,2025-04-08,66523.30628634362,66523.30628634362,187.85882666666078,21366.01528395061,17306.47238,8298.428592393007,39758.35803420513,10800.0,10800.0
问题4-2,2025-04-09,67720.67565444016,67720.67565444016,0.0,21593.555975037038,17490.780339779998,4483.589002516454,40664.23754446206,10800.0,10800.0
问题4-2,2025-04-10,68780.19859692386,68780.19859692386,0.0,21920.62118765432,17755.703161999998,10154.642671269545,40519.979143806544,10800.0,10800.0
问题4-2,2025-04-11,49012.34515299999,49012.34515299999,0.0,14279.918358230454,11566.733870166667,40982.51049826954,21574.75046781778,10800.0,10800.0
问题4-2,2025-04-12,35610.204316166666,35610.204316166666,0.0,17730.712950823043,14361.877490166664,23216.208305510292,14606.349115778185,10800.0,10800.0
问题4-2,2025-04-13,44436.625898671664,44436.625898671664,12806.289957494999,17166.424068166663,14259.281714999997,59.41501966666692,98005.65383954806,10800.0,10406.135311349999
问题4-2,2025-04-14,64751.25623166461,64751.25623166461,0.0,20926.18860240946,16595.734548166663,7892.770377421812,37970.419964811925,10406.135311349999,10800.0
问题4-2,2025-04-15,64490.94343080452,64490.94343080452,0.0,19600.92221111111,15876.746990999996,10627.339377360084,37264.89157301315,10800.0,10800.0
问题4-2,2025-04-16,64622.42355780863,64622.42355780863,0.0,20180.7682537037,16346.4222855,5008.485639604942,38646.15113205172,10800.0,10800.0
问题4-2,2025-04-17,65956.62663675721,65956.62663675721,0.0,19601.727544238674,15877.39931083333,9363.956053351865,38522.65344946696,10800.0,10800.0
问题4-2,2025-04-18,47412.30909237242,47412.30909237242,0.0,13583.649032716046,11002.7557165,38477.29859282305,20841.069193646188,10800.0,10800.0
问题4-2,2025-04-19,34147.43249216667,34147.43249216667,0.0,17722.24520452675,14355.018615666666,23995.52665330658,13750.633520315248,10800.0,10800.0
问题4-2,2025-04-20,43843.88562033333,43843.88562033333,11343.889861369998,19214.022598,15983.99199963,0.0,88883.54446501807,10800.0,10332.629227499998
问题4-2,2025-04-21,63285.85562123086,63285.85562123086,0.0,19718.463449588467,15569.255012,10619.736800309056,36414.0501374617,10332.629227499998,10780.074096574073
问题4-2,2025-04-22,60547.59830028909,60547.59830028909,0.0,20382.278304732507,16491.71211375,4504.102792639926,35884.94765732452,10780.074096574073,10800.0
问题4-2,2025-04-23,64348.53497813991,64348.53497813991,0.0,19833.910904320986,16065.467832499999,9180.17518965226,37549.76733473901,10800.0,10800.0
问题4-2,2025-04-24,63239.97104098875,63239.97104098875,0.0,20918.34417507612,16943.858781811665,12175.378947724288,36551.211574925284,10800.0,10800.0
问题4-2,2025-04-25,45440.795424833326,45440.795424833326,0.0,13919.668459670786,11274.931452333334,40795.70076749587,19559.503930150364,10800.0,10800.0
问题4-2,2025-04-26,33625.810713481485,33625.810713481485,0.0,18679.634610493817,15130.504034499994,30006.48650415433,13554.054282903016,10800.0,10800.0
问题4-2,2025-04-27,42801.16057966667,42801.16057966667,10025.416455068324,22504.4460215,18608.941989765008,357.6018196666641,79234.46797099967,10800.0,10377.399208499999
问题4-2,2025-04-28,59905.44401945493,59905.44401945493,1721.6537831699961,19482.120467273657,15675.90632864667,1198.9163473312756,46658.98709544129,10377.399208499999,10493.633930549999
问题4-2,2025-04-29,65647.54463691151,65647.54463691151,0.0,19147.143546302468,15233.45681,14300.644183942388,37145.786115218434,10493.633930549999,10800.0
问题4-2,2025-04-30,60465.439094971196,60465.439094971196,0.0,18092.07834609053,14654.583460333331,8771.089775880664,35003.70157147179,10800.0,10800.0
问题4-2,2025-05-01,59430.708830893,59430.708830893,1765.4467349466695,22660.69958651851,18791.483865719998,6315.561045041164,46487.165574497725,10800.0,10315.203110399998
问题4-2,2025-05-02,46987.01769720782,46987.01769720782,0.0,15778.97441601646,12344.652076333332,29262.375274191356,22329.01095414882,10315.203110399998,10800.0
问题4-2,2025-05-03,35399.85179966666,35399.85179966666,0.0,18565.09365864197,15037.725863499996,23005.312354524693,15419.404534610334,10800.0,10800.0
问题4-2,2025-05-04,44391.7991505,44391.7991505,10280.670315256662,18888.22746133333,16015.848128909998,65.42280000000005,85980.34987458643,10800.0,10004.0179053
问题4-2,2025-05-05,64693.24373195438,64693.24373195438,307.1972664199995,22695.085892080235,18314.837584905,5544.185891199144,40704.97443245021,10004.0179053,10079.775669388888
问题4-2,2025-05-06,63862.361615862756,63862.361615862756,150.39935396000095,23233.78422668312,18947.88945532333,6856.783831796297,39361.931325535224,10079.775669388888,9936.970967488887
问题4-2,2025-05-07,62936.95811174353,62936.95811174353,677.3121484016655,20306.560886037034,16368.999771838331,4608.863195946498,42896.42263586538,9936.970967488887,10025.098240657404
问题4-2,2025-05-08,65332.60119105428,65332.60119105428,80.89779766666675,20799.591038888884,16150.257158091663,4937.65270792373,41145.38366899387,10025.098240657404,10800.0
问题4-2,2025-05-09,53442.05624623252,53442.05624623252,0.0,14153.123278600822,11464.029855666668,42253.57697329836,24333.669728384382,10800.0,10800.0
问题4-2,2025-05-10,37103.658381333335,37103.658381333335,0.0,18044.191230246914,14615.794896499998,21554.216764253088,16880.130923772984,10800.0,10800.0
问题4-2,2025-05-11,46690.03055385167,46690.03055385167,11847.819865314992,17357.735597666666,14413.725333000002,109.76107116666697,98409.09978441831,10800.0,10406.711667899997
问题4-2,2025-05-12,67198.3803521472,67198.3803521472,0.0,16712.472341975306,13183.143098109998,11737.85587494856,41614.50701570253,10406.711667899997,10800.0
问题4-2,2025-05-13,65276.22995150205,65276.22995150205,0.0,20825.47160699588,16868.632001666665,8190.177579506168,39747.12250522449,10800.0,10800.0
问题4-2,2025-05-14,66580.44240342593,66580.44240342593,0.0,19157.157441358017,15517.297527499999,9926.433706234577,40323.29825232561,10800.0,10800.0
问题4-2,2025-05-15,66530.89467888066,66530.89467888066,0.0,19372.545117078193,15691.761544833329,10085.052823302467,40775.135086079405,10800.0,10800.0
问题4-2,2025-05-16,50326.50683966667,50326.50683966667,0.0,13228.824216460898,10715.347615333334,45097.52370520577,23237.799420163814,10800.0,10800.0
问题4-2,2025-05-17,36645.016456833335,36645.016456833335,0.0,19151.24481748971,15512.508302166663,22557.48085817695,16541.03982256125,10800.0,10800.0
问题4-2,2025-05-18,47072.86005212666,47072.86005212666,9565.151968168328,16694.271534,13834.107191205,101.67957750000028,84595.8713530311,10800.0,10453.61416815
问题4-2,2025-05-19,65547.7893776708,65547.7893776708,28.57876666666664,18788.109297734565,14906.6212825,14179.663579102891,39264.156202017984,10453.61416815,10800.0
问题4-2,2025-05-20,63757.17623300823,63757.17623300823,0.0,21457.91000061728,17380.9071005,5152.778516224276,38481.104059160236,10800.0,10800.0
问题4-2,2025-05-21,66498.1998056893,66498.1998056893,0.0,17122.268992592588,13869.037883999998,11882.353413763387,40557.66983426804,10800.0,10800.0
问题4-2,2025-05-22,65163.78327761935,65163.78327761935,0.0,17661.39201440329,14305.727531666666,10991.48797821606,39936.37179134656,10800.0,10800.0
问题4-2,2025-05-23,48379.578446499996,48379.578446499996,0.0,15662.98890246913,12687.021011,38982.66167169754,22382.207291470113,10800.0,10800.0
问题4-2,2025-05-24,36470.58577183333,36470.58577183333,0.0,18133.556310082306,14688.180611166666,29270.70868958436,16470.527795695718,10800.0,10800.0
问题4-2,2025-05-25,44842.042904166665,44842.042904166665,7643.394079456673,21268.8281675,17437.653451709994,109.2520844999998,70235.80322900126,10800.0,10566.774848849998
问题4-2,2025-05-26,62222.50472230659,62222.50472230659,0.0,20455.991935022626,16359.450831333332,3546.1306686173016,37967.60162690075,10566.774848849998,10800.0
问题4-2,2025-05-27,67264.54488350039,67264.54488350039,0.0,18739.85943498148,15179.286142334997,14313.60429085391,40286.74656288541,10800.0,10800.0
问题4-2,2025-05-28,63829.71538352674,63829.71538352674,0.0,20572.393098765424,16663.63841,7647.136594761322,39040.41138810319,10800.0,10800.0
问题4-2,2025-05-29,65074.61433541578,65074.61433541578,17.817433333333383,19801.750560397115,16039.417953921664,7219.975662273671,39667.07117976362,10800.0,10800.0
问题4-2,2025-05-30,50560.76337833333,50560.76337833333,0.0,13769.984130864199,11153.687146,41348.233126802465,23481.842325388483,10800.0,10800.0
问题4-2,2025-05-31,36086.99688433333,36086.99688433333,0.0,19345.40662057612,15669.779362666663,24022.18807642388,15474.509502750885,10800.0,10800.0
问题4-2,2025-06-01,44645.83351283333,44645.83351283333,27206.90890497333,10336.916079666666,9708.999961860001,0.0,181001.4383970218,10800.0,9315.4467363
问题4-2,2025-06-02,75127.56571019258,75127.56571019258,2399.4449035849966,21439.449701627575,17590.60417835,5037.357640499995,65929.73607166484,9315.4467363,9065.835714042594
问题4-2,2025-06-03,72789.16078211681,72789.16078211681,354.4110153799976,22581.422012858027,18436.151089925,805.9340412304532,50974.7802289586,9065.835714042594,8904.503203475928
问题4-2,2025-06-04,74647.00770462296,74647.00770462296,762.2453879499947,21655.03405755556,17740.906468723337,1849.8646870740677,55192.38626507074,8904.503203475928,8681.915556694446
问题4-2,2025-06-05,76556.03548797159,76556.03548797159,1020.8618747683348,24017.139432932097,19555.100035865,1965.539949006176,58348.9713569726,8681.915556694446,8569.452117594445
问题4-2,2025-06-06,60726.97281845131,60726.97281845131,0.0,14832.80169300205,10007.076277166667,25046.252002615933,31784.11830070937,8569.452117594445,10800.0
问题4-2,2025-06-07,43644.04131747833,43644.04131747833,0.0,19722.830871837443,15975.493006188328,8770.190285162556,22295.670834894667,10800.0,10800.0
问题4-2,2025-06-08,65726.28825918311,65726.28825918311,4223.165077583335,22038.37277599382,18263.035320249997,989.1926143559738,70607.1691192077,10800.0,10342.274031449999
问题4-2,2025-06-09,80079.14622309258,80079.14622309258,37.191112333333194,22994.18363192798,18213.335370166664,4402.77634033128,55136.97716181431,10342.274031449999,10800.0
问题4-2,2025-06-10,83346.83791534786,83346.83791534786,0.0,22644.00820653086,18341.646647289996,7426.032122773667,56912.632732096594,10800.0,10800.0
问题4-2,2025-06-11,84776.55885409671,84776.55885409671,445.38946636499736,26914.311310660494,21800.592161635002,4023.7828547695426,60650.73778444904,10800.0,10800.0
问题4-2,2025-06-12,88101.6421383107,88101.6421383107,0.0,21697.256202057608,17574.777523666664,11526.772026586426,60712.25975861497,10800.0,10800.0
问题4-2,2025-06-13,72180.48751009259,72180.48751009259,0.0,12366.201916872425,10016.623552666664,41485.59544588683,37235.95596007699,10800.0,10800.0
问题4-2,2025-06-14,51758.84788237036,51758.84788237036,0.0,14376.420850205763,11644.900888666663,22833.985170831267,26781.318228495922,10800.0,10800.0
问题4-2,2025-06-15,62582.99321255349,62582.99321255349,11143.18630997833,16226.988549606995,13358.31107152167,230.5277111131661,115103.27265905308,10800.0,10561.721837399999
问题4-2,2025-06-16,86103.71541121654,86103.71541121654,0.0,21225.6335154321,16978.31280116,9162.341880277778,59789.28503768152,10561.721837399999,10800.0
问题4-2,2025-06-17,88069.12232237242,88069.12232237242,8.137483333333307,22679.076748971187,18370.052166666665,9131.224006734574,60789.50008261867,10800.0,10800.0
问题4-2,2025-06-18,90583.485025,90583.485025,0.0,17371.73433024691,14071.1048075,16354.464602253087,63491.176124494144,10800.0,10800.0
问题4-2,2025-06-19,88007.19186638476,88007.19186638476,48.72666933333312,20651.999926954733,16728.119940833334,15872.534349596706,60381.362212259955,10800.0,10800.0
问题4-2,2025-06-20,71757.83326317284,71757.83326317284,0.0,11812.494030452672,9568.120164666665,47112.878547386834,36563.88603803763,10800.0,10800.0
问题4-2,2025-06-21,50369.8138925,50369.8138925,0.0,19953.940677572016,16162.691948833333,27243.824763761317,24540.71120369475,10800.0,10800.0
问题4-2,2025-06-22,64034.372725508234,64034.372725508234,7312.9256120966575,20267.688786841565,16561.355836236668,183.62428700000055,91254.36666519893,10800.0,10639.41342345
问题4-2,2025-06-23,87404.41419131888,87404.41419131888,0.0,20243.091394032916,16252.376110271667,16352.412907557626,59252.788946542874,10639.41342345,10800.0
问题4-2,2025-06-24,88081.68146430657,88081.68146430657,0.0,25916.83661954732,20992.637661833334,6888.690256592601,62070.648780433876,10800.0,10800.0
问题4-2,2025-06-25,91227.57905441152,91227.57905441152,0.0,19945.4823154321,16155.8406755,17000.51604781276,62780.13100432596,10800.0,10800.0
问题4-2,2025-06-26,87666.26607731276,87666.26607731276,18.48919350000017,20881.91205514403,16914.348764666665,16169.808147002059,58934.628474549965,10800.0,10800.0
问题4-2,2025-06-27,70022.46756437037,70022.46756437037,0.0,12136.059452057614,9830.208156166667,47944.97040181275,34225.491589738725,10800.0,10800.0
问题4-2,2025-06-28,47314.19332617902,47314.19332617902,0.0,18443.57924156378,14939.299185666667,22032.98715361524,23646.03272878671,10800.0,10800.0
问题4-2,2025-06-29,64779.34237929217,64779.34237929217,8573.806574330007,19787.41567462551,16083.004161836663,380.96890749999966,98634.57154119358,10800.0,10738.669482899999
问题4-2,2025-06-30,86108.84875505514,86108.84875505514,9.666232333333255,21496.415677477366,17356.899233366665,12101.314559944447,58572.39553869909,10738.669482899999,10800.0
问题4-2,2025-07-01,89442.09915399176,89442.09915399176,1223.1378284816672,23664.24719012346,19667.681208684997,7802.12696770164,75051.19061496049,10800.0,10244.843350350002
问题4-2,2025-07-02,90707.73972101833,90707.73972101833,187.4930484999993,17412.823593559668,14113.38854814833,14691.031357440334,68402.71240233238,10244.843350350002,10234.841753277782
问题4-2,2025-07-03,86332.14974020844,86332.14974020844,329.18451490833166,20931.620991847747,17038.98654904167,3008.280878977359,67514.31218524028,10234.841753277782,10141.093369227783
问题4-2,2025-07-04,73967.94194350205,73967.94194350205,0.0,18193.64631238065,14143.83754533333,41037.26570978807,40964.52991169166,10141.093369227783,10800.0
问题4-2,2025-07-05,51051.87170090741,51051.87170090741,0.0,21878.108841358022,17721.268161499996,18104.95105438272,28873.35968720631,10800.0,10800.0
问题4-2,2025-07-06,66353.98733791153,66353.98733791153,15798.652153249997,15983.353815411523,13722.955990083332,98.26011583333366,166453.37266639795,10800.0,9937.289556
问题4-2,2025-07-07,91103.00268004445,91103.00268004445,81.20618566666644,18258.775064244852,14755.37996373333,14271.330998532925,68008.97739699487,9937.289556,9975.32048745
问题4-2,2025-07-08,91459.27857459952,91459.27857459952,18.49285416666646,23455.096188477357,18256.416351371667,10707.704574993833,67735.1430471961,9975.32048745,10800.0
问题4-2,2025-07-09,90227.73943647,90227.73943647,0.0,21206.208945510294,17177.029245863334,12139.834720156374,66935.08553324032,10800.0,10800.0
问题4-2,2025-07-10,90959.83281623042,90959.83281623042,10.527582166666775,21324.47349510494,17272.823531035,14065.087050993829,67223.89939852363,10800.0,10800.0
问题4-2,2025-07-11,72085.58587685024,72085.58587685024,0.0,13445.959806705745,10891.227443431659,37012.07636357615,43171.720804638644,10800.0,10800.0
问题4-2,2025-07-12,54031.30908500001,54031.30908500001,0.0,20549.997087037034,16645.497640499998,19042.566305129643,31575.13562743857,10800.0,10800.0
问题4-2,2025-07-13,70948.07704021604,70948.07704021604,4185.787927473331,24971.807070901235,20405.06311186,1299.400608648155,80627.38122945187,10800.0,10602.3340173
问题4-2,2025-07-14,85437.01128280659,85437.01128280659,0.0,21974.853157526748,17621.731673166665,9276.210581779837,62676.573384215866,10602.3340173,10800.0
问题4-2,2025-07-15,86931.37185677573,86931.37185677573,0.0,20819.46501831276,16863.766664833332,10226.622919962965,64211.285732060154,10800.0,10800.0
问题4-2,2025-07-16,86552.58737851851,86552.58737851851,44.52447783333332,20686.26892633745,16755.87783033333,10532.157377014399,65055.43705811407,10800.0,10800.0
问题4-2,2025-07-17,86300.23528391216,86300.23528391216,0.0,23738.97633374485,19228.57083033333,9069.413713833977,63602.3289713124,10800.0,10800.0
问题4-2,2025-07-18,72558.24210664816,72558.24210664816,0.0,13444.467041563787,10890.018303666664,38729.54526875103,42394.05843792197,10800.0,10800.0
问题4-2,2025-07-19,53875.71628916666,53875.71628916666,0.0,19473.30976213992,15773.380907333332,22992.96838436008,31365.213414718084,10800.0,10800.0
问题4-2,2025-07-20,64848.56424500083,64848.56424500083,10833.393866824155,18785.485814666667,15391.728419175,198.2224996666672,127975.13717791345,10800.0,10605.016767449999
问题4-2,2025-07-21,86217.41209568334,86217.41209568334,0.0,20712.628493759243,16601.744170649996,8116.778422574084,64532.80872787835,10605.016767449999,10800.0
问题4-2,2025-07-22,88671.61154658641,88671.61154658641,0.0,22768.353192592593,18442.366086,10550.479823327158,65348.00380290349,10800.0,10800.0
问题4-2,2025-07-23,87630.85206265637,87630.85206265637,0.0,21638.307252469134,17527.0288745,9303.02656802058,64609.31743068946,10800.0,10800.0
问题4-2,2025-07-24,88496.39113009645,88496.39113009645,0.0,19465.803551851837,15767.300876999998,11181.416455244627,65847.89331723258,10800.0,10800.0
问题4-2,2025-07-25,74184.56520715226,74184.56520715226,0.0,13486.82810843621,10924.33076783333,45116.74829988272,42362.44633974807,10800.0,10800.0
问题4-2,2025-07-26,53838.634695812754,53838.634695812754,0.0,18855.644519341564,15273.072060666665,21786.970670471193,31724.11626556175,10800.0,10800.0
问题4-2,2025-07-27,67082.84802739712,67082.84802739712,10050.538629564999,17117.956078397117,14000.219851101665,330.46062966666705,127080.49397737937,10800.0,10650.360636000001
问题4-2,2025-07-28,89391.45908742405,89391.45908742405,0.0,23300.25950570165,18738.534772018334,6874.857120407403,66488.07246454837,10650.360636000001,10800.0
问题4-2,2025-07-29,91657.3586308395,91657.3586308395,14.135649999999714,22327.325186948125,18085.133401427982,11360.05654531937,67705.5164581662,10800.0,10800.0
问题4-2,2025-07-30,90270.51201513168,90270.51201513168,0.0,21767.448575308645,17631.633345999995,12031.442735823044,67089.74371221458,10800.0,10800.0
问题4-2,2025-07-31,88954.66847025417,88954.66847025417,1.4930631666666159,23085.119933100825,18698.947145811664,9874.992479465021,65115.13687161874,10800.0,10800.0
问题4-2,2025-08-01,71837.20272548732,71837.20272548732,0.0,13374.523118181067,10833.363725726667,48044.683666366254,40867.56401288124,10800.0,10800.0
问题4-2,2025-08-02,51722.96933931,51722.96933931,0.0,19506.887330069956,15800.578737356664,27089.63581326338,29588.212907943624,10800.0,10800.0
问题4-2,2025-08-03,63605.79681878395,63605.79681878395,4745.839743354996,21823.044596427986,18103.788786811667,1792.9007691893003,78145.02307183095,10800.0,10325.41926255
问题4-2,2025-08-04,83545.42062892593,83545.42062892593,0.0,19516.714042022628,15381.415710333331,13994.467213903303,60246.34781063851,10325.41926255,10800.0
问题4-2,2025-08-05,83810.73230680247,83810.73230680247,0.521107499999971,21153.85885987655,17134.6256765,14639.710497592594,59859.07637763378,10800.0,10800.0
问题4-2,2025-08-06,82289.81368596882,82289.81368596882,0.0,20277.367517932107,16424.667689525002,10322.714590895055,59804.04881070217,10800.0,10800.0
问题4-2,2025-08-07,84095.44384395472,84095.44384395472,0.0,21915.879960493818,17751.862768,16543.441401460906,59974.96362900022,10800.0,10800.0
问题4-2,2025-08-08,63071.151569166665,63071.151569166665,0.0,16393.0048855967,13278.333957333332,44181.309390903305,36538.62146065885,10800.0,10800.0
问题4-2,2025-08-09,49694.0792695,49694.0792695,0.0,20698.133432098766,16765.48808,26839.504917401235,28292.15066470073,10800.0,10800.0
问题4-2,2025-08-10,58933.22989366666,58933.22989366666,9902.165456409995,20049.8479595,16600.949478090002,81.87781866666694,114581.03044596806,10800.0,10399.363743449998
问题4-2,2025-08-11,79625.93442540117,79625.93442540117,18.494350000000168,24795.410340740735,19723.709745104996,10011.474846432107,56572.78237669078,10399.363743449998,10800.0
问题4-2,2025-08-12,78563.07125343621,78563.07125343621,7.96445250000022,19817.91170720164,16052.508482833335,7045.088831567906,57256.601220683,10800.0,10800.0
问题4-2,2025-08-13,80912.79408372633,80912.79408372633,3.1030101666666496,19704.56259053498,15960.695698333331,11051.050751691353,58476.53978942364,10800.0,10800.0
问题4-2,2025-08-14,78723.9293642574,78723.9293642574,42.691627833333314,23903.551483724277,19361.87670181666,8298.655226849798,56835.13608459541,10800.0,10800.0
问题4-2,2025-08-15,61678.128294333335,61678.128294333335,0.0,13408.581674897121,10860.951156666664,41970.77089276954,36834.45075363645,10800.0,10800.0
问题4-2,2025-08-16,49033.284723486664,49033.284723486664,0.0,19432.201574707815,15740.08327551333,28411.886057625517,27856.318773170715,10800.0,10800.0
问题4-2,2025-08-17,58048.20030699999,58048.20030699999,9024.739846283332,21857.403860499995,18060.43763655,110.58031266666717,101125.86490924019,10800.0,10404.510544949999
问题4-2,2025-08-18,77094.64330449176,77094.64330449176,86.22447783333314,22824.3757210432,18131.8038245,8094.180269115236,56363.90639605109,10404.510544949999,10800.0
问题4-2,2025-08-19,78340.50030334774,78340.50030334774,138.1686965,20397.65675432099,16522.101971,10285.45416652675,58040.68986059512,10800.0,10800.0
问题4-2,2025-08-20,77340.39754289712,77340.39754289712,280.83535383333117,24220.657794032923,19618.732813166665,2368.616849197537,58124.00566320724,10800.0,10800.0
问题4-2,2025-08-21,80490.2108200391,80490.2108200391,18.576766666666686,18606.00697304526,15070.865648166666,11129.227778493838,58076.34020311309,10800.0,10800.0
问题4-2,2025-08-22,61171.618944333335,61171.618944333335,0.0,15695.40462057613,12713.277742666665,36958.92266642387,36091.2393740498,10800.0,10800.0
问题4-2,2025-08-23,49642.060042499994,49642.060042499994,0.0,20730.370142386826,16791.59981533333,23173.283565446505,27711.159424513033,10800.0,10800.0
问题4-2,2025-08-24,58355.67948587167,58355.67948587167,9431.369436891664,21706.51814816667,17996.67559107,343.616882333332,105748.98394101924,10800.0,10339.560121049999
问题4-2,2025-08-25,76610.4516421085,76610.4516421085,468.32409483665333,22217.463372816874,17749.416820441675,1837.642167903293,60040.879421164944,10339.560121049999,10613.702911649998
问题4-2,2025-08-26,80111.30929513638,80111.30929513638,0.0,22979.562863623447,18445.778540019994,10048.706588199595,56891.12487575822,10613.702911649998,10800.0
问题4-2,2025-08-27,79618.93849142593,79618.93849142593,5.839483333333419,22708.717759259263,18394.061385,7395.972733833335,57165.477305901186,10800.0,10800.0
问题4-2,2025-08-28,78999.35851437243,78999.35851437243,42.925283333333255,23629.29884753086,19139.7320665,3784.9220333415687,57168.36213841918,10800.0,10800.0
问题4-2,2025-08-29,64620.798980306994,64620.798980306994,0.0,16013.167214773664,12970.665443966664,39023.0768595,37182.899866601234,10800.0,10800.0
问题4-2,2025-08-30,49277.99830537448,49277.99830537448,0.0,17584.66544300411,14243.579008833332,27424.192037870373,28400.038084067943,10800.0,10800.0
问题4-2,2025-08-31,58925.51685137037,58925.51685137037,11213.348791697965,18429.274143,15199.222284764997,262.1907015000003,120441.56749105608,10800.0,10498.32196785
问题4-2,2025-09-01,80636.81451770164,80636.81451770164,0.0,16669.279242923854,13230.60595783333,23624.00669927779,51688.91888440268,10498.32196785,10800.0
问题4-2,2025-09-02,72844.770935965,72844.770935965,0.0,20760.037761934153,16815.630587166663,14842.607911197529,45918.91826675783,10800.0,10800.0
问题4-2,2025-09-03,73956.29913673662,73956.29913673662,0.0,17970.503191358024,14556.107584999998,14994.186280378599,48149.038928368405,10800.0,10800.0
问题4-2,2025-09-04,75250.97516957202,75250.97516957202,0.0,20288.987457613162,16434.07984066666,17470.502002625526,47949.67074660157,10800.0,10800.0
问题4-2,2025-09-05,57487.88534186831,57487.88534186831,0.0,12266.206551234565,9935.627306499999,48333.044430467075,29038.154511341818,10800.0,10800.0
问题4-2,2025-09-06,44165.16170883333,44165.16170883333,0.0,17488.4905989712,14165.677385166666,33121.2647950288,21302.857930721002,10800.0,10800.0
问题4-2,2025-09-07,53865.03364233333,53865.03364233333,5459.791514555,20354.38302668107,16487.05025161167,496.50876515226275,68127.39382769726,10800.0,10800.0
问题4-2,2025-09-08,68008.92963695474,68008.92963695474,193.88731538148227,20497.44291288065,16602.928759433333,4912.73326555556,44739.30640397779,10800.0,10800.0
问题4-2,2025-09-09,69906.13805520369,69906.13805520369,15.283519500000239,19433.072106172833,15740.788406,13126.3036078642,44338.92147406839,10800.0,10800.0
问题4-2,2025-09-10,67024.56144173868,67024.56144173868,760.640450999997,24622.936197736624,19944.578320166664,1790.8453651687228,47148.02057064054,10800.0,10800.0
问题4-2,2025-09-11,70625.44856389094,70625.44856389094,2.636483333333331,21135.6686100823,17119.891574166668,13116.222227975315,44379.375382519065,10800.0,10800.0
问题4-2,2025-09-12,52061.88890738888,52061.88890738888,0.0,15356.879051234559,12439.0720315,37592.42568765432,25726.519805908636,10800.0,10800.0
问题4-2,2025-09-13,40414.466368,40414.466368,0.0,18856.768781893006,15273.982713333333,28824.57881610699,18692.94803559703,10800.0,10800.0
问题4-2,2025-09-14,49574.95496066255,49574.95496066255,13213.215909659997,17687.790778329218,15016.98645800667,18.04180000000008,110467.22851861059,10800.0,10033.4711916
问题4-2,2025-09-15,71640.1143218251,71640.1143218251,1.1717666666667128,20455.62949533745,16041.420240666665,12160.046200487657,45456.06421532024,10033.4711916,10619.737469996297
问题4-2,2025-09-16,67608.11138422223,67608.11138422223,13.092750000000137,23040.67957901646,18500.714182000003,3589.468753872427,44158.394570881595,10619.737469996297,10800.0
问题4-2,2025-09-17,72994.43505877984,72994.43505877984,2.7214500000000044,22956.10303477366,18594.443458166665,8675.37853217284,46398.460087467996,10800.0,10800.0
问题4-2,2025-09-18,69463.66380612346,69463.66380612346,5.4197801666668965,21907.394655555552,17744.989670999996,6350.627485067904,43933.29635938208,10800.0,10800.0
问题4-2,2025-09-19,54508.18597283334,54508.18597283334,0.0,13847.950953703701,11216.840272500001,35775.72297496296,26863.914396277247,10800.0,10800.0
问题4-2,2025-09-20,40886.96020566666,40886.96020566666,0.0,19851.198584979426,16079.470853833334,21469.798741187242,18915.016626069984,10800.0,10800.0
问题4-2,2025-09-21,51627.355373595,51627.355373595,9626.218036373326,17484.1465415,14548.792225365007,30.7316105000001,91825.7373423782,10800.0,10370.407192499999
问题4-2,2025-09-22,70245.02294705965,70245.02294705965,0.0,21730.188655246904,17214.819283999997,5115.633692479431,45619.68249436816,10370.407192499999,10800.0
问题4-2,2025-09-23,71940.02253906378,71940.02253906378,9.201316666666798,22567.224196296287,18279.451599,5544.835675100829,46134.99283131873,10800.0,10800.0
问题4-2,2025-09-24,72978.48831662552,72978.48831662552,0.0,20811.106563168716,16856.996316166664,7961.1529696234675,47466.74544832662,10800.0,10800.0
问题4-2,2025-09-25,72327.02722433128,72327.02722433128,31.88636666666673,20929.25576193415,16952.69716716667,8046.906096230462,46710.441983936325,10800.0,10800.0
问题4-2,2025-09-26,57142.864114716045,57142.864114716045,0.0,15646.044218106992,12673.295816666665,36475.872213275725,27123.003803059208,10800.0,10800.0
问题4-2,2025-09-27,41210.254626333335,41210.254626333335,0.0,18669.320746090532,15122.14980433333,19861.781434576133,19697.016285726684,10800.0,10800.0
问题4-2,2025-09-28,52105.177874691355,52105.177874691355,13821.323460485904,15913.868188818928,13498.560769308333,23.564748999999892,117408.66972333175,10800.0,10124.08051515
问题4-2,2025-09-29,73850.94676484443,73850.94676484443,26.015016666666725,21797.97839800205,17326.275751634996,6645.36753514404,48112.655961417455,10124.08051515,10490.843571535188
问题4-2,2025-09-30,74718.79572124692,74718.79572124692,31.411150000000134,24513.276324631683,19577.51303733333,4392.268817281894,48674.71569778221,10490.843571535188,10800.0
问题4-2,2025-10-01,75551.51726611934,75551.51726611934,0.0,16909.792843827163,13696.932203499997,22677.13509245884,46679.402595950945,10800.0,10800.0
问题4-2,2025-10-02,67877.06493576338,67877.06493576338,0.0,19233.245306790122,15578.9286985,12491.965210806584,41821.745030232276,10800.0,10800.0
问题4-2,2025-10-03,54638.8743471605,54638.8743471605,0.0,14420.424135596708,11680.543549833332,44081.840061397124,24345.252463392942,10800.0,10800.0
问题4-2,2025-10-04,40465.770168999996,40465.770168999996,0.0,17904.17551851852,14502.38217,23967.994387148145,18043.287992098536,10800.0,10800.0
问题4-2,2025-10-05,52534.67198783333,52534.67198783333,6809.777024333332,21025.509484000002,17280.0,862.9784615,69798.22876688838,10800.0,10522.958535599999
问题4-2,2025-10-06,70973.55643991563,70973.55643991563,0.0,19836.16637813991,15817.957448333334,9222.238260109056,44773.54419658774,10522.958535599999,10800.0
问题4-2,2025-10-07,72943.23639508025,72943.23639508025,0.0,20520.289820370366,16621.4347545,11272.818329209882,45677.603199016536,10800.0,10800.0
问题4-2,2025-10-08,67327.69320298971,67327.69320298971,0.0,21543.832708847738,17450.504494166664,6755.869321641974,41870.66217433117,10800.0,10800.0
问题4-2,2025-10-09,66581.63132981685,66581.63132981685,0.0,20826.999289506177,16869.8694245,6864.519781477364,41040.010872520885,10800.0,10800.0
问题4-2,2025-10-10,52199.839538,52199.839538,0.0,14241.45343868312,11535.577285333333,40150.35246798354,24023.372248461244,10800.0,10800.0
问题4-2,2025-10-11,40245.52089287037,40245.52089287037,0.0,18931.20513950617,15334.276162999999,22542.27833303086,17359.390257395535,10800.0,10800.0
问题4-2,2025-10-12,49937.35180783333,49937.35180783333,11648.735184873332,18800.821191,15759.452514960001,29.762333333333345,97944.51766651127,10800.0,10210.236277499998
问题4-2,2025-10-13,69723.68742642077,69723.68742642077,0.0,21799.877986213993,17127.113818583333,8023.5279587901205,42953.19206286702,10210.236277499998,10800.0
问题4-2,2025-10-14,69074.25626781069,69074.25626781069,0.0,22347.813063374484,18101.728581333333,4054.3425024362145,42944.32042653695,10800.0,10800.0
问题4-2,2025-10-15,70523.84314565844,70523.84314565844,0.0,24031.917927572013,19465.85352133333,4037.7550894197548,43631.66332074786,10800.0,10800.0
问题4-2,2025-10-16,70444.27822225308,70444.27822225308,316.733817801658,22384.614124524698,18131.537440865006,3541.4624063950564,46455.24017776106,10800.0,10800.0
问题4-2,2025-10-17,55170.60434527161,55170.60434527161,0.0,13414.417716049382,10865.678349999998,36617.66566255556,25913.787080127062,10800.0,10800.0
问题4-2,2025-10-18,40673.7096522428,40673.7096522428,0.0,19332.43285679012,15659.270613999997,20923.95414278601,17477.5278393243,10800.0,10800.0
问题4-2,2025-10-19,50830.047302743085,50830.047302743085,15887.579474048574,16655.18739683333,13823.283153375003,0.0,126678.1040679794,10800.0,10430.4651534
问题4-2,2025-10-20,72317.09191943999,72317.09191943999,299.35280096333537,22167.454167740736,17623.056513929998,3631.2646999259287,47630.337995225134,10430.4651534,10800.0
问题4-2,2025-10-21,74051.38052776131,74051.38052776131,0.0,21401.063442798353,17334.861388666664,3522.597123629629,47702.56872278481,10800.0,10800.0
问题4-2,2025-10-22,75537.941563679,75537.941563679,42.96493773499999,22484.21259394856,18212.21220109833,5754.009408563785,48372.84421348484,10800.0,10800.0
问题4-2,2025-10-23,75665.59788984773,75665.59788984773,0.0,22035.50580246913,17848.7597,8099.354754045274,47962.94740596508,10800.0,10800.0
问题4-2,2025-10-24,57943.8235916502,57943.8235916502,0.0,13202.959540946502,10694.397228166667,37015.2105622037,26508.78296223112,10800.0,10800.0
问题4-2,2025-10-25,41153.76703020164,41153.76703020164,0.0,18076.13072839506,14641.66589,18320.86945847325,17708.76947365309,10800.0,10800.0
问题4-2,2025-10-26,55027.086418430044,55027.086418430044,12742.43568371667,19146.76345926337,15957.323673783329,35.770300000000134,108749.84489736278,10800.0,10301.727475799999
问题4-2,2025-10-27,75826.84543700001,75826.84543700001,16.04156266666655,23336.264479434154,18786.706708499998,7740.747562065843,48142.66332537334,10301.727475799999,10430.246942290742
问题4-2,2025-10-28,76163.16262112552,76163.16262112552,0.0,22825.350828113165,18155.75641883333,5521.146511845682,49379.99454284692,10430.246942290742,10800.0
问题4-2,2025-10-29,76675.72572808023,76675.72572808023,0.0,22517.14519711934,18238.887609666665,3085.2113406275703,50133.98035332165,10800.0,10800.0
问题4-2,2025-10-30,77905.92532704526,77905.92532704526,0.0,20682.800123045265,16753.06809966667,9188.37565366667,51024.342301171,10800.0,10800.0
问题4-2,2025-10-31,60541.68371324279,60541.68371324279,0.0,14562.273086831272,11795.441200333331,33870.55976007819,28268.722755672756,10800.0,10800.0
问题4-2,2025-11-01,42398.77116897736,42398.77116897736,0.0,17789.55751152263,14409.541584333334,16474.716808454734,18373.878113417144,10800.0,10800.0
问题4-2,2025-11-02,57238.59597920165,57238.59597920165,14549.857534644987,17884.981184368313,14939.856569188343,46.944965333333585,122964.28478824753,10800.0,10296.6424335
问题4-2,2025-11-03,78927.20167496343,78927.20167496343,0.0,22661.013615452677,17902.399218666666,4663.656994844093,51875.857986849245,10296.6424335,10800.0
问题4-2,2025-11-04,80279.61294833332,80279.61294833332,0.0,21281.87201625514,17238.316333166666,8655.985231911523,52875.5496310294,10800.0,10800.0
问题4-2,2025-11-05,81016.78380856173,81016.78380856173,0.0,22643.297561522624,18341.071024833334,7036.537205205768,54184.78516709235,10800.0,10800.0
问题4-2,2025-11-06,80488.25928894033,80488.25928894033,153.52513542499824,24530.958696594644,19870.076544241667,4611.3177220123525,54500.87745123959,10800.0,10800.0
问题4-2,2025-11-07,67060.55824583746,67060.55824583746,0.0,13263.072308641971,10743.088569999998,41222.11272386214,31148.70909848314,10800.0,10800.0
问题4-2,2025-11-08,44700.48270417284,44700.48270417284,0.0,17185.279424691355,13920.076334000001,17644.072513481486,19498.812441946393,10800.0,10800.0
问题4-2,2025-11-09,61564.83190704115,61564.83190704115,13489.12363263666,21431.336112541157,17742.561388863338,18.363632666666604,121286.29539139701,10800.0,10374.245402550001
问题4-2,2025-11-10,83729.85230746296,83729.85230746296,0.0,24776.63378884568,19806.455013666666,4901.230432283949,56538.759792857956,10374.245402550001,10666.043575103708
问题4-2,2025-11-11,84261.225091883,84261.225091883,0.0,22971.192138374485,18486.104849676667,8217.118136518522,56697.94854793188,10666.043575103708,10800.0
问题4-2,2025-11-12,83672.02502833333,83672.02502833333,0.0,21624.873238065833,17516.14732283333,8607.311363100833,56205.07530931165,10800.0,10800.0
问题4-2,2025-11-13,84048.38452591667,84048.38452591667,0.0,20962.8160531893,16979.881003083334,7669.578159144034,57516.24622524668,10800.0,10800.0
问题4-2,2025-11-14,67456.79170566871,67456.79170566871,0.0,11823.169691358027,9576.76745,37611.934164310696,32214.286352132865,10800.0,10800.0
问题4-2,2025-11-15,47256.85117691563,47256.85117691563,0.0,17569.20268004115,14231.054170833335,15706.815751041153,20826.684715787967,10800.0,10800.0
问题4-2,2025-11-16,64577.394004858026,64577.394004858026,13442.291947874997,20926.695337858022,17477.165235125,135.61146666666673,123268.16221621848,10800.0,10214.953320600001
问题4-2,2025-11-17,86854.21178194907,86854.21178194907,0.0,24035.657471504113,18942.340540458335,9065.140517569958,58972.32114365086,10214.953320600001,10800.0
问题4-2,2025-11-18,85051.57046762141,85051.57046762141,0.0,23798.752972427985,19276.989907666666,5639.255569526746,58242.82350082553,10800.0,10800.0
问题4-2,2025-11-19,85584.52868443004,85584.52868443004,0.0,23116.152613374485,18724.083616833334,5824.148087888887,59499.634244162655,10800.0,10800.0
问题4-2,2025-11-20,86325.542953,86325.542953,0.0,22426.368396502057,18165.358401166668,7271.456924331273,58951.38125731813,10800.0,10800.0
问题4-2,2025-11-21,70484.55058168725,70484.55058168725,0.0,12589.739119547314,10197.68868683333,39228.116082306595,33965.25650033077,10800.0,10800.0
问题4-2,2025-11-22,50075.90586087654,50075.90586087654,0.0,19455.398767078183,15758.873001333333,16159.550611798362,21905.62162569051,10800.0,10800.0
问题4-2,2025-11-23,66744.77435961935,66744.77435961935,12294.762957446666,21887.015960452678,18113.110481886666,33.535555166666654,117836.38280945207,10800.0,10372.6360512
问题4-2,2025-11-24,86446.07347733332,86446.07347733332,18.83966666666663,21903.66807583539,17478.310692500003,7877.612060664606,59510.53696651306,10372.6360512,10665.59210556296
问题4-2,2025-11-25,86621.36254466667,86621.36254466667,0.0,21731.990971802457,17481.945582166663,6202.656688364207,59418.38465475726,10665.59210556296,10800.0
问题4-2,2025-11-26,88091.10669180658,88091.10669180658,23.672760333333144,22258.70714053497,18029.552783833333,7127.958212104946,61484.369836760015,10800.0,10800.0
问题4-2,2025-11-27,87477.41462916667,87477.41462916667,0.0,21110.56561316873,17099.55814666667,7685.514429331273,60974.445342888794,10800.0,10800.0
问题4-2,2025-11-28,71092.18598327777,71092.18598327777,0.0,12227.70910390946,9904.444374166667,37847.68270353498,34288.475531719996,10800.0,10800.0
问题4-2,2025-11-29,51731.886395107,51731.886395107,0.0,19164.48429526748,15523.232279166663,13161.184279006187,22768.665957807585,10800.0,10800.0
问题4-2,2025-11-30,69066.62765390424,69066.62765390424,14602.275293436669,20121.55102109259,16719.057777585003,21.581587166666623,135618.53429208027,10800.0,10332.665055
问题4-2,2025-12-01,89543.75827096913,89543.75827096913,2908.3954652049997,25559.205083469133,20556.125747795002,1150.1466671666676,85209.74314387744,10332.665055,10495.809910349999
问题4-2,2025-12-02,93775.90624496913,93775.90624496913,531.0362085233286,26140.930402740738,20956.16734431,484.36944506172966,74085.74890149958,10495.809910349999,10738.016890250003
问题4-2,2025-12-03,96173.11512997941,96173.11512997941,0.0,25608.13456021604,20686.804194999997,4089.036198096713,72200.88187526792,10738.016890250003,10800.0
问题4-2,2025-12-04,95289.58304520574,95289.58304520574,335.80302082333606,25058.24622532099,20297.179442509998,4093.1105332181046,72892.96458254186,10800.0,10800.0
问题4-2,2025-12-05,79530.83589356212,79530.83589356212,0.0,11994.124435390946,9715.240792666667,35940.32456750451,42350.140505658725,10800.0,10800.0
问题4-2,2025-12-06,60312.58432803704,60312.58432803704,0.0,18242.62749259259,14776.528268999999,13181.854287777784,29616.18666701117,10800.0,10800.0
问题4-2,2025-12-07,77466.87542812139,77466.87542812139,13924.49079498667,22098.41682945473,18425.95039301333,66.21853666666709,151608.06181457016,10800.0,10215.29693205
问题4-2,2025-12-08,99686.43908362347,99686.43908362347,0.0,23102.162018617284,18234.684582166665,6971.750530506175,75226.28771365383,10215.29693205,10746.482101953705
问题4-2,2025-12-09,100655.67363309464,100655.67363309464,0.660425000000032,22911.378878076124,18510.050783,8866.55169635186,75271.93705917051,10746.482101953705,10800.0
问题4-2,2025-12-10,100155.23953899382,100155.23953899382,0.0,22501.223808641975,18225.991285000004,7492.388548685189,76191.7399805072,10800.0,10800.0
问题4-2,2025-12-11,100488.28578828601,100488.28578828601,0.0,21560.045979835388,17463.637243666664,10430.62235211729,74688.2093350042,10800.0,10800.0
问题4-2,2025-12-12,83685.39783275308,83685.39783275308,0.0,11108.856503292174,8998.173767666667,37860.30161379423,45911.72734218597,10800.0,10800.0
问题4-2,2025-12-13,65382.419401100815,65382.419401100815,0.0,17106.426914609045,13856.205800833332,18333.664903991776,32630.200800486375,10800.0,10800.0
问题4-2,2025-12-14,81066.50552124484,81066.50552124484,11607.126899873332,22585.12889991152,18708.936578793335,18.718299999999886,140659.8537942429,10800.0,10338.90870015
问题4-2,2025-12-15,101519.54198661933,101519.54198661933,0.0,23011.98347431892,18224.724444333333,7262.724989967084,77617.88556130623,10338.90870015,10800.0
问题4-2,2025-12-16,102078.4418108395,102078.4418108395,0.0,23222.59666872427,18810.303301666667,8248.05711044857,77559.22007654424,10800.0,10800.0
问题4-2,2025-12-17,102140.36918043415,102140.36918043415,0.0,21450.88416358024,17375.216172499997,9872.854122687248,77642.1765984276,10800.0,10800.0
问题4-2,2025-12-18,101231.57651591358,101231.57651591358,0.0,24297.048125514404,19680.608981666664,9248.870405399173,75900.45236650456,10800.0,10800.0
问题4-2,2025-12-19,86393.79068591769,86393.79068591769,0.0,11834.515884773657,9585.957866666666,41236.8413678107,47673.55370568154,10800.0,10800.0
问题4-2,2025-12-20,66031.72823485185,66031.72823485185,0.0,16900.494850617277,13689.400828999998,19964.281963234575,32535.883824328375,10800.0,10800.0
问题4-2,2025-12-21,81758.38022033332,81758.38022033332,11081.187348163337,21644.7874105,17885.492258669998,42.49054999999987,136377.8017647763,10800.0,10407.539493150001
问题4-2,2025-12-22,103406.65999198353,103406.65999198353,0.0,23340.777555835386,18609.5659405,9738.021293314818,79417.1477006481,10407.539493150001,10736.943803957407
问题4-2,2025-12-23,103875.17396015843,103875.17396015843,0.0,24119.100258565843,19479.720632999997,11977.701801259258,78810.873399453,10736.943803957407,10800.0
问题4-2,2025-12-24,102299.03887438888,102299.03887438888,0.0,22731.94043641976,18412.871753500003,10125.410874802463,77197.26387351958,10800.0,10800.0
问题4-2,2025-12-25,102683.19571391359,102683.19571391359,0.0,23698.707606790118,19195.9531615,10367.992735290129,77878.23662087604,10800.0,10800.0
问题4-2,2025-12-26,87270.60290093621,87270.60290093621,0.0,12721.923157407407,10304.7577575,41845.815067695476,47485.486680253176,10800.0,10800.0
问题4-2,2025-12-27,67045.29326672222,67045.29326672222,0.0,19275.340250617286,15613.025603,20044.16955243827,32621.96615396865,10800.0,10800.0
问题4-2,2025-12-28,82890.10459241975,82890.10459241975,8492.240440798327,24519.537698253083,20136.275468035004,189.82805300000086,117295.08150717296,10800.0,10493.944519499999
问题4-2,2025-12-29,102135.5762525,102135.5762525,0.0,21482.974105288067,17125.759092833334,10254.594973378595,77091.49188096182,10493.944519499999,10800.0
问题4-2,2025-12-30,101377.05470955555,101377.05470955555,0.0,24290.667193827157,19675.440426999998,10537.425342728398,74966.29822699283,10800.0,10800.0
问题4-2,2025-12-31,99964.94155830657,99964.94155830657,0.0,24412.43486522634,19774.07224083334,6680.15600058024,75159.45599107449,10800.0,10800.0
问题4-3,2025-02-01,55967.469603017904,50575.40719244594,0.0,18529.11642571488,15008.584304829059,12676.699138226792,23766.38007973696,10800.0,10800.0
问题4-3,2025-02-02,70055.532707283,75558.30748997291,6590.417637737051,21679.33608427445,17924.12793748115,37.23903091666671,95570.77595176679,10800.0,10395.704767534617
问题4-3,2025-02-03,92875.24235330135,87620.17562636548,59.225965741453024,24082.37337190764,19176.088916132372,2556.2006363316696,64017.22855051612,10395.704767534617,10763.075339882194
问题4-3,2025-02-04,95962.23608464102,89767.18384714078,0.0,23720.738710023263,19180.566161012823,4032.147348130346,66368.90984564452,10763.075339882194,10800.0
问题4-3,2025-02-05,89514.06575927709,88282.1224152995,0.0,24696.417004179006,20004.097773385,2841.3762011721547,63180.45920240069,10800.0,10800.0
问题4-3,2025-02-06,95314.96602369443,87273.43722918055,18.20715438888908,23573.692748912552,19094.69112661917,2541.5855446093933,64680.17927188871,10800.0,10800.0
问题4-3,2025-02-07,75742.88786201028,68026.79741461875,0.0,14204.881192078192,11505.953765583334,33522.19032145723,35455.69820130273,10800.0,10800.0
问题4-3,2025-02-08,45211.61119085013,45739.83085926509,0.0,18882.025381893,15294.440559333332,10575.083320038755,20088.298363879647,10800.0,10800.0
问题4-3,2025-02-09,68500.34981118306,75852.828051875,7121.19163002778,20574.444038944443,17205.992040375,50.15171666666686,99359.14224409804,10800.0,10199.230701299999
问题4-3,2025-02-10,85486.47705808331,81035.43091008443,12.700275833333194,23954.79389760151,19289.502103830837,2056.2018088137647,56074.46554479694,10199.230701299999,10325.76509377376
问题4-3,2025-02-11,85967.83446060904,80992.47017955003,216.77437767872107,23056.508186718653,18559.09661383045,1491.2358510072027,57860.007708665675,10325.76509377376,10455.404002008945
问题4-3,2025-02-12,86207.56750266082,81046.28989765939,36.81192780472104,23807.96220704012,19138.973414123328,1147.376899213989,56929.69285284566,10455.404002008945,10617.043972652466
问题4-3,2025-02-13,80454.59566139129,78224.28879008185,0.0,23398.839987980107,18801.678441536114,2297.6482269711923,52815.07696135217,10617.043972652466,10785.246137905551
问题4-3,2025-02-14,66078.00447398833,62006.02631879596,0.0,11666.991314562754,9436.984488910832,29974.21767647737,31760.80898477986,10785.246137905551,10800.0
问题4-3,2025-02-15,46802.54956158436,43477.06648678498,0.0,17467.05425950651,14148.31395020027,10878.235077478745,19935.322470202198,10800.0,10800.0
问题4-3,2025-02-16,65421.25619553875,69951.1456196169,8218.932803875,17633.468625703015,14862.241960544447,21.472658333333243,103874.250908992,10800.0,10156.519584749998
问题4-3,2025-02-17,86109.26081354971,76567.75514644309,0.0,23425.68433334053,18884.477482059992,842.6851284958861,54399.574064002874,10156.519584749998,10256.882726912034
问题4-3,2025-02-18,76668.70747690396,77894.8829089693,31.97405208333339,24107.798797234223,19247.361426704723,975.0318071898131,52226.307550027836,10256.882726912034,10567.94450363981
问题4-3,2025-02-19,77527.6187468498,79112.77199575238,169.68118552000277,26000.52202497428,21208.675992497498,1611.2797654622734,53797.520243223174,10567.94450363981,10403.218778897217
问题4-3,2025-02-20,80697.69297752604,77735.17996723179,42.948226499999805,23528.331147029145,18800.007449407774,2056.6707627770916,52817.820551465586,10403.218778897217,10689.819645214811
问题4-3,2025-02-21,62192.07073657312,60229.46479982052,0.0,12365.8366775391,9917.165389499998,32220.531478448083,29721.010411416744,10689.819645214811,10800.0
问题4-3,2025-02-22,44034.53316809053,42898.49362308688,0.0,20331.100363923175,16468.19129477778,11190.821670608144,18794.358768983802,10800.0,10800.0
问题4-3,2025-02-23,58648.59544229423,66775.341799592,7573.431561194448,17954.81044868313,15152.070104563336,14.179333333333034,96368.70099198421,10800.0,10123.6959543
问题4-3,2025-02-24,76296.55868288956,74817.72182740225,42.45417872222242,23466.37223558162,18781.402636461942,1972.1727903381338,50135.155371076886,10123.6959543,10375.205814699073
问题4-3,2025-02-25,78260.5099414921,71844.53626184512,68.56709567860935,23086.013895671123,18616.01989500111,1621.786123520371,48554.84938922004,10375.205814699073,10468.151770801856
问题4-3,2025-02-26,71802.92310607716,75113.45460448426,8.2401104999999,24378.40497577915,19500.805203486947,1429.2469093587126,49771.92311316946,10468.151770801856,10741.154911795376
问题4-3,2025-02-27,73058.29434572023,73313.99510851355,6.193452416666787,24804.93166326679,20039.034067861947,1597.7067655253886,47236.993065588584,10741.154911795376,10800.0
问题4-3,2025-02-28,57250.75109025959,56441.07839007166,0.0,13503.025783196159,10937.45088438889,30582.9099412644,26975.581636831135,10800.0,10800.0
问题4-3,2025-03-01,47334.87777764059,42805.87976031481,0.0,17409.121275102876,14101.388232833333,15839.380784711937,18812.31919474138,10800.0,10800.0
问题4-3,2025-03-02,59668.64801124759,69825.2739313591,6044.510900147773,21570.592050987994,18059.114286147782,0.0,87160.98203286726,10800.0,10147.850305724998
问题4-3,2025-03-03,82947.52599669443,78234.08490938332,0.0,24559.575691058642,19882.019173033335,1539.3817580246946,53577.562513490215,10147.850305724998,10160.336013196295
问题4-3,2025-03-04,73921.70419828875,74486.6400292772,0.0,22973.758774520225,18425.41379919055,738.8371206142008,49396.44345015327,10160.336013196295,10364.036911163885
问题4-3,2025-03-05,78246.0030672208,71950.37914668188,3.286666666666747,22428.364087100475,18043.066282244723,1437.8959918261337,47942.73480041824,10364.036911163885,10501.71316483796
问题4-3,2025-03-06,72832.07804345575,72107.56738866407,0.0,22244.221376874164,17774.506697752244,1697.198576208822,46663.00768222024,10501.71316483796,10772.060517633334
问题4-3,2025-03-07,62844.14588693828,55962.405680749995,0.0,12885.124492650204,10411.805304916667,32566.80095968313,26499.53869874803,10772.060517633334,10800.0
问题4-3,2025-03-08,37913.082457253084,37965.60422366364,0.0,19746.774341769542,15994.887216833333,15150.577582060767,16002.084651195019,10800.0,10800.0
问题4-3,2025-03-09,55043.335773273655,60033.22030138945,6385.900205638889,19129.542901333334,16043.947444304998,0.0,82080.13563940991,10800.0,10189.980339750002
问题4-3,2025-03-10,72652.00259928918,74013.91927658956,0.0,23551.09023425205,18959.489205228332,1380.2467975658521,48319.92873334946,10189.980339750002,10319.862433656486
问题4-3,2025-03-11,64617.663176782895,70589.69172578881,0.0,24056.901491221535,19156.49304759528,1750.3644821625571,45769.00296291678,10319.862433656486,10686.081500650009
问题4-3,2025-03-12,74188.02398678841,67968.69157875922,0.0,23370.194616573383,18894.557133919443,1057.5194127719478,44267.10895027088,10686.081500650009,10725.304284544454
问题4-3,2025-03-13,74669.15375941411,74097.11509107525,57.49295311749995,22827.942217968804,18439.558957778063,2220.6067673353423,47842.138058178316,10725.304284544454,10782.05343874075
问题4-3,2025-03-14,51685.84160212373,52123.20442530788,0.0,16887.42592351851,13662.663092916668,32869.015611372706,23602.41223302247,10782.05343874075,10800.0
问题4-3,2025-03-15,37369.98680736111,38019.00411769445,0.0,19393.28835294924,15708.563565888888,13410.15418063409,16450.16950987348,10800.0,10800.0
问题4-3,2025-03-16,50644.46000736041,60644.841377524244,5582.293159305557,18229.5807816262,15353.493178129725,0.0,77171.64301853617,10800.0,10147.185838875
问题4-3,2025-03-17,67507.89621938133,64186.00350408813,0.0,23263.4543455384,18593.092582777776,1657.5103079941728,40398.89803027085,10147.185838875,10425.302991217595
问题4-3,2025-03-18,75679.7981793364,67590.88259717474,0.0,22236.958963303834,17749.96057502278,1977.9258422270227,44485.094566213476,10425.302991217595,10716.387641499077
问题4-3,2025-03-19,62068.27598152983,66863.04830477847,0.0,23624.482317058624,19060.579554166663,2833.6750918864986,42002.61593359683,10716.387641499077,10800.0
问题4-3,2025-03-20,70756.61201182479,67421.94991552678,228.67188777000052,24183.379757756513,19588.537603782774,846.8178326563803,44130.10484787979,10800.0,10800.0
问题4-3,2025-03-21,52681.40244752332,47526.53133496577,0.0,15817.945824588478,12812.536117916665,32487.657111627297,21909.797478149056,10800.0,10800.0
问题4-3,2025-03-22,37763.69477290432,37353.587677654315,0.0,19013.108612414264,15400.617976055557,17859.897307962274,15714.08182189636,10800.0,10800.0
问题4-3,2025-03-23,51623.07163611487,55612.10031974988,6256.6291756111095,18718.47006344821,15653.495251420552,34.034566666666706,75020.92128944819,10800.0,10253.850555525
问题4-3,2025-03-24,68393.29864509875,64799.63323675144,0.0,22751.479016916324,18138.87812522222,2188.5352617240055,41172.04961017688,10253.850555525,10575.872642725
问题4-3,2025-03-25,74837.9253229626,66002.28934432955,53.591232748332345,23158.08594512757,18803.450806888333,751.1207221719941,43457.71946725687,10575.872642725,10525.426874575
问题4-3,2025-03-26,64606.10774308778,61546.68481796016,0.0,21053.72964677468,16903.57819017667,1803.9784946954837,39098.70617204423,10525.426874575,10692.03001203148
问题4-3,2025-03-27,68291.4675988347,64360.09026662202,0.0,22510.821715114194,18136.592600070828,1268.8717515786607,40036.49135496489,10692.03001203148,10800.0
问题4-3,2025-03-28,50546.046107974274,50699.59540721233,0.0,14484.550234876539,11732.485690249998,37125.65009591913,22409.247160819723,10800.0,10800.0
问题4-3,2025-03-29,34970.69786533333,35560.972681527775,0.0,18997.628230041148,15388.078866333333,24244.214134486625,14556.649551674178,10800.0,10800.0
问题4-3,2025-03-30,46371.171328496945,52474.52448396971,5897.4006945,18598.161280472224,15571.855802002503,0.0,70910.94989042084,10800.0,10236.2831502
问题4-3,2025-03-31,58235.4292674489,62560.618302199175,0.0,21654.8265695223,17334.22767424389,1288.6299235874437,38823.64187440315,10236.2831502,10465.374091387968
问题4-3,2025-04-01,71260.37753909917,65998.28848044854,59.06297629499841,21183.122929503774,17113.83134410556,1779.208354678672,42735.05460297561,10465.374091387968,10514.816567824078
问题4-3,2025-04-02,67839.6910294573,66523.2646205204,33.9575432150001,21450.597668068935,17323.368231993336,1994.6573276598085,41326.98770059465,10514.816567824078,10572.167544649077
问题4-3,2025-04-03,69683.99712816768,62638.07502002118,0.0,24683.002141492456,19899.831206356386,1991.3738182184434,40158.34549392533,10572.167544649077,10675.945909374079
问题4-3,2025-04-04,47016.13950562825,47098.133098114195,0.0,12928.991528164603,10360.83445625,38099.17377619959,20899.85577610328,10675.945909374079,10800.0
问题4-3,2025-04-05,33796.594346527774,34001.80918891667,0.0,18796.098330452674,15224.839647666668,18386.435522797325,14082.822827592008,10800.0,10800.0
问题4-3,2025-04-06,44854.86599229837,51789.46203866809,5816.967340694444,18850.54595201337,15698.181572650832,43.98873333333347,70003.1408205525,10800.0,10323.0673872
问题4-3,2025-04-07,57409.587176222216,58765.61225958505,0.0,20497.161964683473,16393.583200694444,1419.3142122626912,36058.38609675072,10323.0673872,10555.42071019908
问题4-3,2025-04-08,66245.75306086213,59822.87325130118,125.77709130500016,21137.557788739017,17059.58144074361,1517.4803779441045,38382.1106755045,10555.42071019908,10624.13223034908
问题4-3,2025-04-09,64440.08141522976,65655.39059810905,0.0,22578.086051292514,18129.96870886111,2072.962239010978,40510.87354616396,10624.13223034908,10800.0
问题4-3,2025-04-10,63206.7713454873,61080.58254654501,0.0,22718.039980958503,18401.61238457639,2303.5170501628945,37763.29057621247,10800.0,10800.0
问题4-3,2025-04-11,43979.0551010559,44300.59238611146,0.0,16640.71003343621,13478.97512708333,35822.207313091916,19503.569535491035,10800.0,10800.0
问题4-3,2025-04-12,34801.669229261664,33855.332516039445,0.0,18787.748781878603,15218.076513321666,21260.499697482508,13953.593180723512,10800.0,10800.0
问题4-3,2025-04-13,42703.473534722216,51421.48086295886,5799.044501085555,17829.52292535219,14927.087961307778,41.73191666666685,69974.2622212358,10800.0,10260.917342475
问题4-3,2025-04-14,63677.25009007441,56847.50452391073,22.04574116083063,20981.542843708157,16874.801565191112,234.77718655452472,36646.600100331154,10260.917342475,10394.526384933335
问题4-3,2025-04-15,55707.247975388884,57062.73382275537,0.0,22290.227591064468,17947.72749341472,2580.804891772287,34354.626686565985,10394.526384933335,10513.811779763893
问题4-3,2025-04-16,62115.574571097386,61357.25098359157,0.0,20922.733771856314,16754.926124611113,1409.8513863463663,37515.60738199507,10513.811779763893,10727.68759153334
问题4-3,2025-04-17,55889.45584859942,58937.711924973075,0.0,22330.929060666313,18022.97137151973,1761.4118858264899,35845.36966024926,10727.68759153334,10800.0
问题4-3,2025-04-18,44469.83776247222,44505.894153024725,0.0,14654.916411454047,11870.482293277775,35367.34285151512,19534.137244630598,10800.0,10800.0
问题4-3,2025-04-19,32295.58332772222,33181.86456888889,0.0,18174.35929581619,14721.23102961111,22944.057052683806,13402.106091142727,10800.0,10800.0
问题4-3,2025-04-20,41823.23841174999,49302.77319396567,5858.768603629445,19614.445891601506,16410.648977339722,0.0,67503.42850833156,10800.0,10218.946883174998
问题4-3,2025-04-21,60878.9645018899,54678.371369944434,12.800271029998772,20617.76033245061,16733.996371219997,2290.4972964104995,33685.683665722994,10218.946883174998,10181.601881024999
问题4-3,2025-04-22,54927.31746230143,57635.45837934224,0.0,20841.140951786696,16689.53251788889,1330.920628777772,35085.82254181178,10181.601881024999,10394.70371775648
问题4-3,2025-04-23,52579.11770380414,57045.960662510595,0.0,21580.589587319955,17210.0028621475,1275.457220671471,34749.6301417123,10394.70371775648,10695.008943958333
问题4-3,2025-04-24,54816.378895075104,55334.53562085288,0.0,22292.008314588475,17980.55213058333,3932.97273684774,33150.518049530496,10695.008943958333,10779.425170884262
问题4-3,2025-04-25,43409.00657211723,42314.15161442278,0.0,15489.851680058298,12528.262514643058,37352.204799007544,18395.964246937438,10779.425170884262,10800.0
问题4-3,2025-04-26,32359.936479309672,32535.448668641333,0.0,19901.39603364197,16120.130787249998,28683.989788916027,13144.176903987754,10800.0,10800.0
问题4-3,2025-04-27,40707.995655526385,47292.32636098469,5467.577428304719,22756.80421593553,18919.26964331278,348.8980333333306,63027.52805458375,10800.0,10259.71307955
问题4-3,2025-04-28,65424.1297589561,63076.65791246267,0.0,21279.149694434163,17015.53859772251,2191.07949908436,38812.81672728023,10259.71307955,10504.793807071295
问题4-3,2025-04-29,55343.68327977187,54793.13727550197,5.4019539166663435,21441.354677421798,17149.30775071167,3073.278586041849,32992.19683043692,10504.793807071295,10747.226627071295
问题4-3,2025-04-30,52197.32112707087,52893.75798932979,0.0,21586.720846660144,17450.33628831389,500.5189976502052,31316.702589593595,10747.226627071295,10786.012846494443
问题4-3,2025-05-01,56099.290094881675,56300.24883792628,1513.9681840883318,23625.320755025037,19679.766281772776,2857.283748762353,45224.09115365288,10786.012846494443,10182.394546269443
问题4-3,2025-05-02,52711.51957688528,50372.79830924982,0.0,15291.221945919062,11830.044867836941,32621.301147834365,23783.405638306136,10182.394546269443,10800.0
问题4-3,2025-05-03,34349.21642497222,34219.46270729938,0.0,18909.823617112484,15316.957129861112,21759.424570048006,14661.683050500033,10800.0,10800.0
问题4-3,2025-05-04,42076.95850852778,48455.04385734194,5850.447356074723,17886.672601749997,15353.95338,38.10465833333342,70271.13397170715,10800.0,9838.057141574998
问题4-3,2025-05-05,62788.39755022118,59532.58157903778,321.78251788972557,21617.009101474614,17619.56923866027,780.9174341131663,39957.323446579416,9838.057141574998,9716.066178835183
问题4-3,2025-05-06,54108.403395559646,57333.249325795965,632.3017209547228,22839.008795193407,18760.39508299416,1016.8549678847727,40232.19626291335,9716.066178835183,9426.290668960182
问题4-3,2025-05-07,57877.868223310354,60081.22351024587,424.38362656416285,21339.180674705756,17373.387724286673,1471.9682363909546,40432.03804137327,9426.290668960182,9327.78913809907
问题4-3,2025-05-08,66262.47407863065,61637.62271023474,82.43748333333338,21096.97156547084,16830.436273555555,1627.012501652795,39759.75324254557,9327.78913809907,9614.578798627776
问题4-3,2025-05-09,53156.26276996579,46868.231351126975,0.0,14821.531526131675,10938.561454931663,34485.87542992696,22923.50559162022,9614.578798627776,10800.0
问题4-3,2025-05-10,34687.10368963888,35282.580385972215,0.0,18645.206749965706,15102.617467472224,19618.945820145407,15830.895083549769,10800.0,10800.0
问题4-3,2025-05-11,43502.904965449925,52947.18479020886,5484.291220973611,18238.894473495544,15291.497545646396,0.0,72050.5758983816,10800.0,10224.452197649998
问题4-3,2025-05-12,56249.82011744305,58836.891223392646,0.0,18505.801158071674,14527.381017501386,2927.2758494890268,37577.606500567745,10224.452197649998,10738.138776024076
问题4-3,2025-05-13,66877.51119045267,60317.02260328665,0.0,21400.43624314025,17278.678255365274,3066.0518488449984,38710.20330218128,10738.138776024076,10800.0
问题4-3,2025-05-14,63931.61016522496,58571.89395213103,0.0,19858.073708768512,16085.039704102503,1784.7111641316915,37316.716250359095,10800.0,10800.0
问题4-3,2025-05-15,62374.802055205066,59714.496999805546,0.0,20571.128365500685,16662.613976055556,3040.9243270270927,38483.34959999066,10800.0,10800.0
问题4-3,2025-05-16,45021.55391155555,43414.465285555554,0.0,15117.453399588478,12245.137253666666,37826.642606300404,20875.63456625255,10800.0,10800.0
问题4-3,2025-05-17,34670.60341016769,34180.920384139914,0.0,20387.50844516461,16513.88184058333,19858.494696225305,15295.765354068353,10800.0,10800.0
问题4-3,2025-05-18,46713.0599614194,52412.87657057856,4269.05888940195,17946.145030336065,14980.72301802221,40.345347666666726,62128.38074654157,10800.0,10306.282729499999
问题4-3,2025-05-19,60919.02457304561,57059.57960845831,79.2365000000002,19104.064021641978,15257.680636555553,5777.216173371889,36393.372407803225,10306.282729499999,10546.961863916049
问题4-3,2025-05-20,60584.97295843542,60148.80329167788,0.0,21994.035771496572,17629.771444218888,1257.1441477335338,36450.37599991716,10546.961863916049,10752.959120241974
问题4-3,2025-05-21,56556.23136207306,58175.98017705974,0.0,20850.1574839002,16846.29077017694,2809.4981800031583,37374.636850085124,10752.959120241974,10800.0
问题4-3,2025-05-22,58780.73902891048,57339.060144773655,2.57000000000005,18978.405704080924,15372.508620305558,2919.102244331626,35928.82553419365,10800.0,10800.0
问题4-3,2025-05-23,48003.93871816666,47125.169047666655,0.0,16057.845657133055,13006.854982277782,37653.22948947805,22241.213333204803,10800.0,10800.0
问题4-3,2025-05-24,34476.19112041667,33826.96086866666,0.0,19146.476820370375,15508.6462245,26434.628889462954,15113.18052330625,10800.0,10800.0
问题4-3,2025-05-25,42218.809107306384,47715.85182900166,4579.045509750003,21098.308813833333,17426.438783414997,78.01712499999996,58959.84194653671,10800.0,10425.768173100001
问题4-3,2025-05-26,58872.32487072032,61874.93986227586,0.0,21229.373921060003,16858.98423184861,2924.7172230644765,38106.09306203194,10425.768173100001,10800.0
问题4-3,2025-05-27,55893.359939938884,57335.150887555246,0.0,22008.150295411524,17826.601739283335,3763.2350314270566,35650.206059401025,10800.0,10800.0
问题4-3,2025-05-28,64589.10474866699,59388.03711545668,0.0,21058.78528568586,17057.616081405555,3113.0438111763733,37950.17777369786,10800.0,10800.0
问题4-3,2025-05-29,62898.1067452476,60709.463412662415,17.817433333333383,20402.278602982842,16525.845668416114,2740.7244114290215,38471.37103586941,10800.0,10800.0
问题4-3,2025-05-30,51190.063202538404,46858.370956682214,0.0,14798.080511796987,11986.445214555559,37450.50239277413,22953.50115481225,10800.0,10800.0
问题4-3,2025-05-31,37177.54125238889,35067.15593730555,0.0,19373.99906217421,15692.939240361113,22996.914565492458,15238.285134122403,10800.0,10800.0
问题4-3,2025-06-01,56593.535390997014,65213.40437794705,7451.354038909161,15150.330209291493,13740.727080768616,30.328988333333427,98020.9045928432,10800.0,9167.822654175
问题4-3,2025-06-02,82936.29413283506,72493.90048650606,383.87191220833677,23275.589178242455,19228.672764028055,190.04853449999985,56652.617971980646,9167.822654175,8750.660954562036
问题4-3,2025-06-03,76473.03045144057,71891.84106869575,515.8980605866664,19377.806463639914,15960.85512177416,798.4209540833323,54339.11319590578,8750.660954562036,8456.403303199999
问题4-3,2025-06-04,86915.26170951508,74111.07045062931,391.5594425408353,23351.044556537036,19318.371738755,824.696258721443,56870.480345585005,8456.403303199999,8007.485916577776
问题4-3,2025-06-05,76028.36971206244,75047.33044889756,580.7603346683323,22669.44490052812,18660.76455951778,470.09242588888924,56185.7800490923,8007.485916577776,7675.803483144444
问题4-3,2025-06-06,67029.98824162276,60183.04811857853,0.0,15994.598750621395,10143.848122833331,23477.30209079047,32963.76198785172,7675.803483144444,10800.0
问题4-3,2025-06-07,51110.90461606893,47072.01385880555,0.0,15396.831433847738,12471.433461416666,13020.102719707815,24206.70745419871,10800.0,10800.0
问题4-3,2025-06-08,55623.418401690826,65843.37385193471,2385.804158086389,19113.11733402779,16087.547207340009,18.68461666666667,67959.91797045476,10800.0,10126.753148024998
问题4-3,2025-06-09,85317.45404703463,77526.83358073456,127.95745124999974,23276.887589087444,18537.017580416665,1982.2082899804514,56982.977805528746,10126.753148024998,10479.26577774074
问题4-3,2025-06-10,78699.05049985774,79230.03318443077,27.771062750000056,23974.548499554177,19130.723484605554,2795.5349988988078,54860.978626654054,10479.26577774074,10800.0
问题4-3,2025-06-11,84694.29696070202,83776.47968068489,17.465483333333395,26470.042071173862,21440.734077650828,2680.190853828533,58312.004064392575,10800.0,10800.0
问题4-3,2025-06-12,83254.91374512963,79977.08119648285,9.261616666666555,23918.736096021952,19374.176237777778,2989.3915215720126,55928.170936109964,10800.0,10800.0
问题4-3,2025-06-13,66760.5753756454,62539.87460594143,0.0,12606.826805658435,10211.529712583331,31799.26381286634,33613.02697736874,10800.0,10800.0
问题4-3,2025-06-14,46656.04910631076,44790.8359539836,0.0,16848.786041995547,13647.516694016394,15396.223856004446,24059.235038692656,10800.0,10800.0
问题4-3,2025-06-15,55449.89214152754,68614.96000923676,5519.037104449449,20344.45255197565,16863.844321622775,26.41455000000019,88145.41353631491,10800.0,10372.402494975
问题4-3,2025-06-16,79574.42634509417,79624.2979642353,46.853711166666926,24002.106726623577,19056.86869404259,2031.8608261543177,56268.661699427845,10372.402494975,10800.0
问题4-3,2025-06-17,81995.75417799827,81879.40468889597,69.99640716666681,23591.53337194787,19109.142031277777,2829.99853872589,57881.9408976574,10800.0,10800.0
问题4-3,2025-06-18,82698.87457688665,79474.07064385919,6.500491666666676,19576.16945973937,15856.697262388887,4832.708038175374,56745.62327069802,10800.0,10800.0
问题4-3,2025-06-19,78074.64292136698,77731.64287888622,75.15318011111106,23639.48027582167,19147.979023415555,5055.790606591224,56531.39303129244,10800.0,10800.0
问题4-3,2025-06-20,64063.121655343275,60188.04931415603,0.0,12419.258606378604,10059.599471166668,35427.80932894409,32414.45603837017,10800.0,10800.0
问题4-3,2025-06-21,43154.96971131207,42925.40403964279,0.0,20594.441279691353,16681.497436550002,19677.71979650144,21747.332446345812,10800.0,10800.0
问题4-3,2025-06-22,54286.03246515446,69036.57467874805,2461.280509965007,22593.578463638885,18570.170740342495,17.10636541666679,71021.57139868062,10800.0,10500.697572449999
问题4-3,2025-06-23,76451.57056348224,74519.36567991707,0.0,21477.55348864883,17127.446141010554,3107.9723322787977,51324.95490669966,10500.697572449999,10800.0
问题4-3,2025-06-24,88319.59623645815,85171.09697980966,2.909423111110982,26485.020306755825,21452.86644847222,3873.060294637172,60797.35917315158,10800.0,10800.0
问题4-3,2025-06-25,78649.78058152058,79697.94985561707,0.0,21697.52580504115,17574.995902083334,5137.998585992604,55179.082184905856,10800.0,10800.0
问题4-3,2025-06-26,75700.60798494752,77426.03847112929,56.29145850000009,22577.616687791502,18287.86951711111,5645.198925615566,52439.57016606853,10800.0,10800.0
问题4-3,2025-06-27,62562.734432696154,56475.918660312316,0.0,13970.16676868998,11315.835082638889,34049.94110759455,30462.294911575213,10800.0,10800.0
问题4-3,2025-06-28,42903.58255844307,42545.63684456447,0.0,19544.827542112478,15831.310309111113,17055.193494896437,21795.356731317053,10800.0,10800.0
问题4-3,2025-06-29,53243.89802941187,68226.68367613378,5103.619109905002,20973.37947083573,17127.211443796943,216.3662256666663,85712.59758912344,10800.0,10645.8065862
问题4-3,2025-06-30,80075.44593743312,78867.40970397118,42.150895638888755,22649.268482994506,18207.133398805556,4589.7415320877935,53737.813522541685,10645.8065862,10800.0
问题4-3,2025-07-01,70461.03086516117,80547.86928486003,2342.383016693615,24863.54524822531,20839.83698000499,0.0,82942.79764626779,10800.0,10021.816301174998
问题4-3,2025-07-02,73335.62115596638,76222.37825390638,464.4445163808326,20823.57357173972,17170.56365878583,129.04649066666627,62133.31977837615,10021.816301174998,9684.628450423148
问题4-3,2025-07-03,82244.62903563134,83041.46724099218,798.9592388266656,20176.462871296637,16565.396806311117,468.9414814999999,71248.98034557815,9684.628450423148,9437.448583133333
问题4-3,2025-07-04,58805.816381522585,60079.97403232349,0.0,19826.28985408093,14855.00979829222,26227.826509868108,35922.67464764364,9437.448583133333,10775.54300925926
问题4-3,2025-07-05,46172.438557065834,46387.86039642584,0.0,23504.709353978047,19016.803285055554,13109.874360836682,26223.835594787808,10775.54300925926,10800.0
问题4-3,2025-07-06,56889.82300842072,75398.82670345841,7654.393951832757,22446.67336250617,19187.434257214998,0.0,119968.34899799459,10800.0,9682.63462935
问题4-3,2025-07-07,78206.38051131647,77781.18922487542,524.4751013888882,21277.02715749588,17495.281077665,1114.4354797667556,62110.63221231727,9682.63462935,9392.75787369074
问题4-3,2025-07-08,88342.87974011624,83492.51053587586,67.63596575000042,24190.981724489033,19153.920478944445,2951.698239414609,65351.580966144444,9392.75787369074,9882.507560237036
问题4-3,2025-07-09,88548.02646707339,81890.27674586696,18.746254166666517,23079.58029393004,18152.813113593606,2923.530803030524,63446.72524001545,9882.507560237036,10484.337476336728
问题4-3,2025-07-10,81124.56916543344,80059.00950388337,87.8598257777777,23748.229141409116,19044.861212258613,2589.878017177306,60959.75905320471,10484.337476336728,10696.786801095372
问题4-3,2025-07-11,73641.70343372815,68168.44871540717,0.0,12694.48765486968,10189.64312143028,33144.82703196777,42033.41255124236,10696.786801095372,10800.0
问题4-3,2025-07-12,50465.467989611105,51683.637658199994,0.0,21798.56559176954,17656.83812933333,16457.66686243046,30570.433624138168,10800.0,10800.0
问题4-3,2025-07-13,66786.86129011385,68206.84961414296,4993.441659981943,22464.707662211586,18604.286338558886,72.14955047222236,93409.93538691345,10800.0,10346.807630925001
问题4-3,2025-07-14,83150.90786762178,79700.86469171775,30.12308113888855,23599.257583679017,18768.30959353889,3092.360566049857,60456.39627800554,10346.807630925001,10732.462130081793
问题4-3,2025-07-15,86609.52371421843,79998.54082011663,0.0,22146.249921310355,17877.678353335006,2980.9186688079553,61228.7504583193,10732.462130081793,10800.0
问题4-3,2025-07-16,82297.88918667386,79938.73566850342,107.78310158333329,21784.574662654326,17645.505476749997,3772.8862008491014,61960.77811493706,10800.0,10800.0
问题4-3,2025-07-17,81368.2707924993,81731.53433976852,0.0,24543.630683984906,19880.340854027774,4347.828443144723,61886.083869624475,10800.0,10800.0
问题4-3,2025-07-18,75979.76682912771,68267.25299565704,0.0,13730.88359312208,11122.015710428885,34384.13701296384,41723.46650550983,10800.0,10800.0
问题4-3,2025-07-19,53459.56693508196,50393.54102580583,0.0,20706.311824897122,16772.112578166667,19276.522729075376,30140.76613256592,10800.0,10800.0
问题4-3,2025-07-20,66183.8591089233,73695.62717218646,2671.629662024723,23580.530516949242,19443.217173821384,139.96527441666626,80280.30099541672,10800.0,10418.902827675001
问题4-3,2025-07-21,87542.87721000297,84540.39951603644,0.0,21183.731744101504,16815.835257629726,6182.753679564674,64460.569295211084,10418.902827675001,10800.0
问题4-3,2025-07-22,83736.86814670291,84222.22074740706,39.89336099999991,23438.487565157742,18985.174927777778,6013.656854360432,64201.885645825445,10800.0,10800.0
问题4-3,2025-07-23,94969.35246543723,84137.62695287733,0.0,22114.996644650208,17913.147282166665,5719.230473727121,66054.4846619659,10800.0,10800.0
问题4-3,2025-07-24,93728.31515653327,84305.07858786454,0.0,20611.954050754455,16695.68278111111,6772.335318221196,66478.22266893875,10800.0,10800.0
问题4-3,2025-07-25,66926.25731710151,64689.244658645744,0.0,15229.266637345678,12335.70597625,35290.364430883405,38703.554514724674,10800.0,10800.0
问题4-3,2025-07-26,52233.36051145644,51223.702685061944,0.0,19495.006708024688,15790.955433499996,19050.559843870586,30129.834492581445,10800.0,10800.0
问题4-3,2025-07-27,64555.182752707464,73968.18936092759,3629.8962586575044,21690.800477570632,17822.924167152207,45.01950916666692,87273.36287135587,10800.0,10518.4713552
问题4-3,2025-07-28,88445.4929298217,88429.02883490779,0.0,23903.741984842243,19108.655227402225,5679.064844134433,66756.52691393127,10518.4713552,10800.0
问题4-3,2025-07-29,85765.7647025535,88328.41954873179,30.59081999999978,22745.486359019196,18423.843950805553,7968.122010518147,67579.71595743367,10800.0,10800.0
问题4-3,2025-07-30,78053.44348062552,85332.16747127761,0.0,22016.304019672833,17833.206255935,7045.81565753978,67111.33826874942,10800.0,10800.0
问题4-3,2025-07-31,82488.338603893,84609.23611255737,30.08414441666673,23797.32662548971,19275.834566646667,5422.831931464334,63743.15390302005,10800.0,10800.0
问题4-3,2025-08-01,65164.95183102399,60020.57969577297,0.0,15800.575542729768,12798.46618961111,35767.11067598766,37123.9775036821,10800.0,10800.0
问题4-3,2025-08-02,53267.7580709801,49666.426698833326,0.0,20217.787477503425,16376.407856777776,24898.022144774342,28916.360998813278,10800.0,10800.0
问题4-3,2025-08-03,56143.472399861115,61230.54471336279,5246.156614869167,21790.874808760287,18227.48946777833,73.83600391666641,83115.18088349643,10800.0,10159.021252575
问题4-3,2025-08-04,76022.18910828065,73926.86304684555,0.0,20848.43792086763,16339.675793220282,4002.445835864879,56869.75257984991,10159.021252575,10767.420055555556
问题4-3,2025-08-05,74463.53567218312,74424.9834419802,16.98060274999966,22411.462133539088,18123.962378166667,5002.154556024456,55767.569694038895,10767.420055555556,10800.0
问题4-3,2025-08-06,81139.76226453076,75574.39185519845,0.0,21775.197934262345,17637.9103267525,3322.704981021947,58598.555798184665,10800.0,10800.0
问题4-3,2025-08-07,83308.95087538555,72634.38166431217,49.595801000000165,22452.90914221535,18186.85640519444,5029.939478291259,57068.00323697984,10800.0,10800.0
问题4-3,2025-08-08,60630.70892358333,60210.394566840434,0.0,16810.559096536344,13616.552868194443,41241.217088498524,34957.953833692736,10800.0,10800.0
问题4-3,2025-08-09,47912.54859863888,47746.14694855761,0.0,21674.951310768185,17556.710561722226,24705.97719951165,27127.489729001896,10800.0,10800.0
问题4-3,2025-08-10,57301.853692551784,63998.50642505312,4778.617539511942,20730.07629954424,17270.57620164584,13.004816666666784,87461.39108604143,10800.0,10267.53955665
问题4-3,2025-08-11,75059.85133158839,73627.94634575515,49.592681583333274,25122.261424624827,20034.43214825444,4028.4564176347703,54340.04387335961,10267.53955665,10617.094674085183
问题4-3,2025-08-12,79953.91679091797,74962.51130692693,71.50977000000012,20263.924690301094,16249.454479543332,3259.0072161691655,57502.34800842433,10617.094674085183,10799.677473641354
问题4-3,2025-08-13,72560.3207956399,73319.3590918252,32.055469916666425,20860.826045779497,16896.97882335862,3266.5878893209883,53933.590633376945,10799.677473641354,10800.0
问题4-3,2025-08-14,74846.25628313923,74380.47346598559,109.35928291666698,23885.96552935528,19347.63207877778,4025.208314991429,56165.699362607906,10800.0,10800.0
问题4-3,2025-08-15,67610.01060291803,58033.1081715,0.0,14151.80096673526,11462.958783055554,38184.53910448696,36418.46323017598,10800.0,10800.0
问题4-3,2025-08-16,50267.8667351694,46335.051240277775,0.0,20959.134386008227,16976.898852666665,25423.535340269547,27524.056013024572,10800.0,10800.0
问题4-3,2025-08-17,57211.27399927778,61995.30603551961,5062.286998833611,22627.188536587106,18792.457867150555,57.46874825000009,83805.50848142063,10800.0,10283.960941649999
问题4-3,2025-08-18,74838.65147247702,71898.6540143254,130.96651183333324,23275.88544252058,18389.032055926662,2748.6515228981466,55029.34760288921,10283.960941649999,10800.0
问题4-3,2025-08-19,74030.0745590607,71494.54803010802,187.64420500000006,21617.367745061732,17510.067873500004,3257.2323135462884,54967.184966008215,10800.0,10800.0
问题4-3,2025-08-20,82300.65122833093,76959.58057003794,32.59961416666658,23778.099237301787,19260.260382214445,1823.6502624506033,59535.57901221989,10800.0,10800.0
问题4-3,2025-08-21,77691.49560682784,71451.9616380242,23.80442883333353,19475.296151337447,15774.989882583332,1931.0413147700895,54330.33563543322,10800.0,10800.0
问题4-3,2025-08-22,61094.20997396193,58493.84434975,0.0,17327.033837208495,14034.897408138888,33971.13852068038,35263.74485691821,10800.0,10800.0
问题4-3,2025-08-23,47546.37407636111,48192.76702394444,0.0,20936.46100147462,16958.533411194447,21684.833283664266,26935.65507425381,10800.0,10800.0
问题4-3,2025-08-24,57088.549273916666,62209.61256805905,5446.128566632502,21835.548946609055,18218.77492025083,305.37762499999815,85343.16127164595,10800.0,10208.910807225
问题4-3,2025-08-25,95423.41247873413,77933.88982723,34.602244000000155,22701.967472617278,18098.510899169167,2591.948481115225,62861.11635009062,10208.910807225,10531.22497794815
问题4-3,2025-08-26,73721.2056692596,72549.87228892214,13.00208124999972,24067.649661367614,19252.89870586111,2219.3050313323106,53944.25342605229,10531.22497794815,10800.0
问题4-3,2025-08-27,74545.24755892078,76081.08070418297,20.89351666666687,23038.17938943622,18660.925305443332,3810.571270190089,56860.08769425137,10800.0,10800.0
问题4-3,2025-08-28,73037.60422771364,78227.99306440374,76.1256169999998,24042.928970558638,19474.7724661525,2968.167193664267,58640.0748922575,10800.0,10800.0
问题4-3,2025-08-29,68426.01507991049,61036.55072663888,0.0,15851.305903806578,12839.557782083331,35469.58225491564,37128.981442717464,10800.0,10800.0
问题4-3,2025-08-30,48671.8240046749,47037.18775202743,0.0,18479.286167798353,14968.221795916668,25013.403546812417,27540.822362411855,10800.0,10800.0
问题4-3,2025-08-31,56964.59124089197,64751.85684551194,5247.849871067499,18583.958977694438,15426.471028364997,195.5956839166671,90442.05089660073,10800.0,10385.039715074998
问题4-3,2025-09-01,82200.90581428393,70738.7157707171,0.0,17306.470694052463,13644.777005749998,13502.887549081315,49222.697800747526,10385.039715074998,10800.0
问题4-3,2025-09-02,66703.37206360904,67426.34669285321,0.0,21219.21049639918,17187.560502083335,9336.940848537377,43592.37552004168,10800.0,10800.0
问题4-3,2025-09-03,70994.78972908025,66833.05333004834,0.0,18524.63111275721,15004.951201333333,7765.656168624461,45531.24710464117,10800.0,10800.0
问题4-3,2025-09-04,68887.08744590456,65954.68938886444,0.0,21841.310417644367,17691.461438291943,7879.274859512014,44144.30032997171,10800.0,10800.0
问题4-3,2025-09-05,53300.802819472214,51782.541874916664,0.0,13784.23916831276,11165.233726333332,42339.274766270566,26777.32358933218,10800.0,10800.0
问题4-3,2025-09-06,42659.65768336111,41846.086285666664,0.0,18250.40891896433,14782.831224361107,30657.42489106345,20202.21062255809,10800.0,10800.0
问题4-3,2025-09-07,50283.499915557266,55398.000110647576,3651.578433877223,20340.81679197702,16503.019539618886,250.79767549999985,60086.354417833,10800.0,10770.046735425
问题4-3,2025-09-08,69018.51186511145,66573.02516450238,0.0,20920.020686710905,16918.258818118327,3175.6937625764763,44198.75523208178,10770.046735425,10800.0
问题4-3,2025-09-09,59130.92710655555,60334.53120916367,25.11953333333338,22164.76486355013,17953.459539475603,3045.5111517558207,40023.575065163364,10800.0,10800.0
问题4-3,2025-09-10,70174.11895218895,67378.65741746969,261.79668105555277,25157.815819422154,20377.83081373194,1544.4704428350383,46019.26570915475,10800.0,10800.0
问题4-3,2025-09-11,68836.05286314504,60044.57607626987,6.071666666666715,23774.70930263512,19257.514535134444,2037.3671921025311,40882.86374147278,10800.0,10800.0
问题4-3,2025-09-12,50563.032217416665,50640.29110865167,0.0,16006.371244341564,12965.160707916664,36047.42437222677,24984.41590534009,10800.0,10800.0
问题4-3,2025-09-13,38611.35473294444,38515.606715145404,0.0,20007.285359876547,16205.901141499999,26707.12101343552,17723.86609866339,10800.0,10800.0
问题4-3,2025-09-14,51759.743275094304,57522.40350351138,5186.616405372499,18020.873161888892,15411.178003005005,0.0,75073.28159704327,10800.0,9895.25473125
问题4-3,2025-09-15,60375.827111822015,60674.850590186616,396.28754291666536,22095.099536440677,17742.41693045111,1651.4248937803884,42134.30430764002,9895.25473125,10067.047724656482
问题4-3,2025-09-16,72865.37354693192,65050.57076305249,13.092750000000137,23384.92976258333,19054.997959596676,1241.9617267325125,45184.125220222944,10067.047724656482,9941.264555874073
问题4-3,2025-09-17,69239.45670642558,65701.96119332885,7.629166666666833,24133.3784071622,19431.54685085083,1047.6404036841539,43746.559472842855,9941.264555874073,10070.697510263577
问题4-3,2025-09-18,60915.492627849104,65428.96478764252,221.89460048166865,22806.431616056456,18603.125638032383,2491.5022934334534,43777.95385640183,10070.697510263577,9926.346366900614
问题4-3,2025-09-19,51990.93497676234,50476.13155726234,0.0,15350.938545679004,11647.971952210555,30671.812647127226,25457.158442719592,9926.346366900614,10800.0
问题4-3,2025-09-20,39241.33880547153,38392.67971474931,0.0,20208.71907860082,16369.06245366667,18907.589356481825,17838.26392862617,10800.0,10800.0
问题4-3,2025-09-21,48500.44195328887,55763.39486220609,5419.943425140835,17898.358154900547,15023.029950886945,20.52260000000001,73833.35852181772,10800.0,10216.266838425
问题4-3,2025-09-22,73452.14164665945,65297.26289772724,0.0,22504.13187223251,18261.751251442496,440.8623936039077,45709.84745000862,10216.266838425,10179.150799609259
问题4-3,2025-09-23,72358.97012444778,67417.2686635421,174.58816501333388,22730.293612449586,18456.169086359172,1201.1167191316893,46166.145091362116,10179.150799609259,10129.560510414814
问题4-3,2025-09-24,62154.319685430375,65954.53438071153,0.0,22619.27213486855,18055.63015233603,327.6672981790109,43954.15823564728,10129.560510414814,10425.094151423144
问题4-3,2025-09-25,68142.99720340845,67479.8362158784,115.82002436583507,21762.78450354457,17767.44443469611,3264.8672713957826,44986.983848130905,10425.094151423144,10269.995277173144
问题4-3,2025-09-26,60075.833105689904,52873.15981489087,0.0,16279.506126440327,12709.395711872496,31608.805900323037,26439.04868758814,10269.995277173144,10800.0
问题4-3,2025-09-27,38791.71103466666,39122.05613553389,0.0,20160.625282956098,16330.10647919444,17490.235081772233,18594.69782750788,10800.0,10800.0
问题4-3,2025-09-28,48456.55929555555,60390.53116950221,5810.138334261111,17216.965209055554,14701.77324882,197.84837686111143,82597.50823256932,10800.0,9959.965078349998
问题4-3,2025-09-29,71676.1632232836,66555.70801543811,789.9237676669419,21978.936270314138,17862.33854166278,469.14245445369363,49471.73469615538,9959.965078349998,9893.964897562963
问题4-3,2025-09-30,71050.90651410287,72188.66048086892,31.411150000000134,25234.793133911186,20265.265353862225,1828.369084153293,48211.552512532355,9893.964897562963,10088.317213791666
问题4-3,2025-10-01,67540.68016115089,63035.248289630865,0.0,20968.146521747265,16343.684175027778,8749.26440957805,40416.976202902544,10088.317213791666,10800.0
问题4-3,2025-10-02,72795.55214543895,61133.25544026027,0.0,20412.84648260048,16534.40565090639,5524.031491899516,41084.12918898707,10800.0,10800.0
问题4-3,2025-10-03,49101.57298963888,49449.06107113388,0.0,14955.3807766118,12113.858429055557,38790.38502357764,22487.985017143954,10800.0,10800.0
问题4-3,2025-10-04,40364.281491916656,38865.18025625993,0.0,18026.157906378612,14601.187904166667,22344.22782071466,17175.32773350866,10800.0,10800.0
问题4-3,2025-10-05,51286.58697195166,53606.29755816666,4640.8436508333325,19901.517854666665,16480.411159500007,90.07344716666637,63734.0804488031,10800.0,10399.798114199999
问题4-3,2025-10-06,61373.68837903497,63797.29884257696,0.0,21521.49932913486,17072.23275937923,1614.9230228213291,41146.09852015121,10399.798114199999,10800.0
问题4-3,2025-10-07,65965.190133274,65662.27194150545,0.0,21716.297271799725,17590.20079015778,3764.6124598635092,42043.41639776734,10800.0,10800.0
问题4-3,2025-10-08,62189.39604811351,61859.47479561488,0.0,22198.25048329218,17980.582891466667,1163.311537122699,38556.95319324741,10800.0,10800.0
问题4-3,2025-10-09,72306.33072955486,61029.94105041319,79.3217618444457,22398.52370338562,18142.804199742357,1093.56162528104,41660.03360811982,10800.0,10800.0
问题4-3,2025-10-10,54042.73342057441,50856.80906219924,0.0,13828.4664633059,11201.057835277781,38885.789517504454,23493.989030022833,10800.0,10800.0
问题4-3,2025-10-11,38738.1212014013,38610.91651907661,0.0,19182.05899659088,15537.46778723861,20860.011726391007,16315.120014406504,10800.0,10800.0
问题4-3,2025-10-12,46985.88738838889,55154.84541535638,6187.17471102778,18571.295629166663,15752.7495777825,8.518091666666805,76283.12689904949,10800.0,10011.110979825
问题4-3,2025-10-13,68271.63884250756,62228.518318869996,0.0,21919.143110049383,17631.681239213336,913.66114803395,41651.77827145142,10011.110979825,10147.582846410183
问题4-3,2025-10-14,70598.50562192732,66059.94530005046,49.62615991666536,22584.807597877574,18266.374959662502,1017.3095384187193,43008.956343113685,10147.582846410183,10177.93750709722
问题4-3,2025-10-15,74439.15978886213,67972.26793037757,0.0,25614.062489305557,20526.43990416667,964.6216952386744,43823.06451543084,10177.93750709722,10423.438298398143
问题4-3,2025-10-16,69402.1467862275,68270.23330801047,0.0,22434.573536629192,18186.304851788813,1055.491673170099,44432.33918889344,10423.438298398143,10407.549090487959
问题4-3,2025-10-17,48821.87172979252,50818.1838158703,0.0,15339.23733879939,12071.576425866668,31546.32358627091,24379.64509182224,10407.549090487959,10800.0
问题4-3,2025-10-18,39531.64012488683,38486.96595952572,0.0,20662.86495943072,16736.920617138887,18484.42835056722,16618.684203750145,10800.0,10800.0
问题4-3,2025-10-19,50493.82650995713,59786.336169412316,6817.523731416668,17000.276015608713,14282.138648113061,0.0,86224.10880142392,10800.0,10231.2054717
问题4-3,2025-10-20,74963.02851872068,70350.65495203309,0.0,21773.313506288745,17593.197727335555,1729.7568064132402,46574.78358808668,10231.2054717,10279.190152542587
问题4-3,2025-10-21,74029.01807237131,72791.72115910065,0.0,22829.030444290118,18251.10314419667,1751.2125090071997,47456.03856009725,10279.190152542587,10546.314058851844
问题4-3,2025-10-22,71094.8397023882,70888.73828332538,115.51814750833512,22201.278493324084,17999.526785852497,1247.608023362133,46471.39355492132,10546.314058851844,10527.990496340732
问题4-3,2025-10-23,81684.99634283985,69058.5459509095,0.0,23302.514985598085,18630.22858504111,1006.7625170191891,48331.620739390084,10527.990496340732,10800.0
问题4-3,2025-10-24,53693.29430136214,52701.0849840631,0.0,14185.106192215366,11489.936015694444,31585.864090875508,25374.468701695583,10800.0,10800.0
问题4-3,2025-10-25,39442.02795444033,39802.365342196164,0.0,18407.10713816872,14909.756781916665,16906.582252610773,17031.872679584034,10800.0,10800.0
问题4-3,2025-10-26,54514.39718347221,61405.27342874212,6189.83976183955,19011.4900625,15977.275713584993,16.58682500000009,83268.48369425167,10800.0,10157.8124856
问题4-3,2025-10-27,68267.92711666666,70922.465925322,42.909912118886155,23648.946447306582,19192.048078103337,2955.8958015709845,47501.299632118884,10157.8124856,10117.366423616666
问题4-3,2025-10-28,68311.02275527777,71698.09799031749,0.0,22355.6200777915,17988.713081971946,1358.7692944979415,47786.96966233647,10117.366423616666,10249.965513660183
问题4-3,2025-10-29,76613.31653539944,75369.52097072318,77.53588203583422,22488.98761553429,18212.892251585276,1858.7046888100108,50656.97977565976,10249.965513660183,10253.507421435184
问题4-3,2025-10-30,67895.34677761007,70360.02664959437,0.0,22129.20479125205,17823.103985499998,1266.1081938423274,46983.5287127835,10253.507421435184,10366.342860784256
问题4-3,2025-10-31,62467.891213217765,57998.50344665809,0.0,15342.86504875137,12037.429264194445,30788.775595434494,27954.99359854788,10366.342860784256,10800.0
问题4-3,2025-11-01,40673.30538330555,40526.40446232528,0.0,18512.972957647456,14995.508095694446,14464.901167038932,17476.526173365823,10800.0,10800.0
问题4-3,2025-11-02,53895.96313142695,64556.13606569667,7114.05064677778,17841.899580926955,15004.485001785833,36.3882000000001,91580.7081252714,10800.0,10186.059620850001
问题4-3,2025-11-03,80589.66746263066,76031.58959168187,0.0,24069.11849636762,19264.857493889445,1722.3983058703716,50999.54361503038,10186.059620850001,10442.86905214815
问题4-3,2025-11-04,73507.54400156275,73329.1004994154,157.74447793222086,21725.866409942046,17575.005057568058,1755.9115916403107,50593.054035079556,10442.86905214815,10468.36542379815
问题4-3,2025-11-05,82176.92623930183,75880.76707749044,0.0,24345.98534218107,19421.777008585,1278.538677227706,52447.891282808865,10468.36542379815,10800.0
问题4-3,2025-11-06,76665.51982190534,78367.83042335385,0.0,24989.81943664814,20293.522406021664,2301.9488427273704,52847.778147377365,10800.0,10742.479264070373
问题4-3,2025-11-07,59471.27835701577,60845.3640131091,0.0,13599.268153502053,10963.638542000002,34891.27261827372,29345.80774620436,10742.479264070373,10800.0
问题4-3,2025-11-08,43025.09467657715,42342.00122189827,0.0,17697.604237997253,14335.059432777778,15188.249316678794,18606.39804578702,10800.0,10800.0
问题4-3,2025-11-09,58771.61361811522,68227.58270040287,6575.477418805556,20759.95141899177,17309.676719783336,5.968236666666712,91561.12777632017,10800.0,10250.982144000001
问题4-3,2025-11-10,80492.2898084769,80782.44470893321,0.7420341183291157,25390.351174221534,20593.283857371945,2127.6763262019554,55840.24018442576,10250.982144000001,10220.871692608334
问题4-3,2025-11-11,83125.61074392774,78239.34961448469,0.0,24786.15915361797,19814.10398375639,1708.2747779564452,53920.074656533805,10220.871692608334,10512.743837801852
问题4-3,2025-11-12,79060.72924836815,77813.7129041887,0.0,23010.236870784633,18389.00866555222,2236.4969489562945,53560.77260415442,10512.743837801852,10789.725170894444
问题4-3,2025-11-13,76993.45932217373,77706.97512384142,0.0,22715.35508737454,18390.19027457838,985.9389943786013,54555.41158627887,10789.725170894444,10800.0
问题4-3,2025-11-14,63292.24635162928,59208.672152974206,0.0,13319.341302235927,10788.666454811108,29079.54200554939,29092.658829806438,10800.0,10800.0
问题4-3,2025-11-15,48390.53661836282,43396.788079243815,0.0,17829.44588590535,14441.851167583332,11797.306444255133,20181.33565087332,10800.0,10800.0
问题4-3,2025-11-16,59161.36129477332,70606.95303538025,7071.167123555554,20332.62803528498,17100.620018015838,11.567758333333131,97103.85939018131,10800.0,10098.67632285
问题4-3,2025-11-17,77177.1671082565,80705.5570455871,0.0,25405.454562031206,20118.13259344444,2722.4807436670053,55747.48499065445,10098.67632285,10610.10476929537
问题4-3,2025-11-18,81322.06760148398,80847.4814306081,0.0,26288.254272770915,21122.58025331028,791.2555778141235,55027.87439266684,10610.10476929537,10800.0
问题4-3,2025-11-19,80424.09437141803,81961.3651148395,0.0,23072.75800888204,18688.933987194447,2209.2294931519164,59190.18256205691,10800.0,10800.0
问题4-3,2025-11-20,80971.27094017276,81388.7673865522,0.0,24673.262024800082,19985.342240088066,1907.7715685068451,55431.95606750241,10800.0,10800.0
问题4-3,2025-11-21,64940.171618219814,63175.38680383985,0.0,13259.473031275713,10740.173155333334,31791.702861230802,31179.478703324807,10800.0,10800.0
问题4-3,2025-11-22,51645.87440892592,45275.0135570967,0.0,19407.12217211935,15719.768959416668,11367.830861060691,21172.235274115606,10800.0,10800.0
问题4-3,2025-11-23,61020.75276950616,71319.10791519583,7175.782412416667,19648.05825351749,16397.276792571665,12.012583333333396,98413.83585460304,10800.0,10264.055991975
问题4-3,2025-11-24,80285.93285533332,79449.57768565654,18.83966666666663,23801.836340192385,19303.573737978335,808.2110501091661,54202.65400556842,10264.055991975,10237.29343372778
问题4-3,2025-11-25,91598.11678934429,82227.34477663477,0.0,22506.92069076783,17993.82248136111,1545.5861005613833,59970.11157263676,10237.29343372778,10500.385965017596
问题4-3,2025-11-26,86613.08780565295,83952.52902169003,32.99316666666664,23971.67721969409,19147.40591646806,2403.5840017973333,59634.88931736973,10500.385965017596,10800.0
问题4-3,2025-11-27,83902.60280032785,82201.47452695973,0.0,22363.816057443768,18114.691006529447,2171.4567427120933,57933.66948515909,10800.0,10800.0
问题4-3,2025-11-28,67678.68936244477,64332.97234049745,0.0,12110.414947668032,9809.436107611113,31110.75495044054,32060.82142536847,10800.0,10800.0
问题4-3,2025-11-29,58409.22677745301,48574.33917092098,0.0,19866.98042325102,16092.25414283333,9870.162790503295,23605.635669726045,10800.0,10800.0
问题4-3,2025-11-30,65967.96011343609,76253.79037207167,7229.1724919633325,19901.101599083333,16669.521401715,6.554550000000063,104311.40368360907,10800.0,10189.300992824998
问题4-3,2025-12-01,90513.92312673216,88605.3788981977,2742.883832930554,25121.383969850478,20201.920105055553,129.87113299999976,85430.91413121331,10189.300992824998,10351.968671184259
问题4-3,2025-12-02,97302.96112587962,92838.09287319463,1178.5565040216618,25887.592139302124,20973.438607474724,464.68589538888796,79975.53854150925,10351.968671184259,10346.980921584258
问题4-3,2025-12-03,87683.08367491563,93541.80720860693,0.0,27123.58394823526,21766.462084460283,1021.9367781652894,72454.8417288257,10346.980921584258,10573.248603373455
问题4-3,2025-12-04,95327.63576555348,90895.84954443265,1419.5978836188885,25096.43285325617,20240.54112254,688.346947335389,79355.43255410771,10573.248603373455,10670.548035148455
问题4-3,2025-12-05,78495.09221051543,72131.778872715,0.0,12891.175422435177,10325.345323806105,28254.321090752615,40203.31796887501,10670.548035148455,10800.0
问题4-3,2025-12-06,59785.856193021944,53798.26824039505,0.0,19124.61256378601,15490.936176666668,6499.961036609042,27738.99764959326,10800.0,10800.0
问题4-3,2025-12-07,77892.36602088065,82137.6943331396,8959.490328993055,21294.602345220163,17879.19281642083,29.093883333333224,127918.06501550766,10800.0,10099.372314675
问题4-3,2025-12-08,100621.10359003257,95546.73173669807,0.0,23512.757072478395,18768.807730273333,2955.5712778263396,73957.5813642328,10099.372314675,10406.622868490742
问题4-3,2025-12-09,99407.54743704629,93900.05932196256,56.88501663888917,25077.398168962623,20192.13058047222,1683.2224834443905,72168.12528005952,10406.622868490742,10540.580575587965
问题4-3,2025-12-10,95658.20511968415,95595.57605773312,0.0,25248.428604000466,20217.749687269545,2177.2786743355377,72242.10777791051,10540.580575587965,10800.0
问题4-3,2025-12-11,99150.9405436279,93407.4752931334,0.0,23335.467518209873,18901.72868975,3012.481764673524,70634.56077766303,10800.0,10800.0
问题4-3,2025-12-12,81518.78289394958,76836.72766858239,0.0,11506.163164849102,9319.992163527777,30936.143183927743,43492.02943672513,10800.0,10800.0
问题4-3,2025-12-13,62124.422012826464,56928.82740763662,0.0,18960.71495922839,15358.179116975,9527.758182049904,29595.478227012925,10800.0,10800.0
问题4-3,2025-12-14,73360.81536926079,85137.05596733555,7356.601951370554,22289.193967277773,18578.562781905002,4.304933333333224,120973.9428558916,10800.0,10217.427035100001
问题4-3,2025-12-15,93841.66836206103,96578.51560401748,10.63494999999989,24131.62822764765,19245.75093327626,2233.7152929794247,74181.36910977466,10217.427035100001,10551.724736342596
问题4-3,2025-12-16,99382.7937972277,96175.20087142763,0.0,24625.888070847046,19751.64755186111,1882.8690191083676,73662.05623212275,10551.724736342596,10768.748942481487
问题4-3,2025-12-17,99814.34882731378,94577.1704155514,2.44443333333345,23779.10822439951,19232.951709996945,1841.6112678155098,72990.95815262692,10768.748942481487,10800.0
问题4-3,2025-12-18,95318.42821830144,94707.78258705142,0.0,25323.94686590843,20512.396961385835,2529.965715862166,70835.69936466985,10800.0,10800.0
问题4-3,2025-12-19,79767.81344144787,75656.52598862885,0.0,13437.358301851844,10884.260224500002,30195.036611277024,42302.49985096078,10800.0,10800.0
问题4-3,2025-12-20,61522.52889375514,55753.14309221426,0.0,18517.91161532922,14999.508408416668,9378.387635301711,28373.154761600978,10800.0,10800.0
问题4-3,2025-12-21,77286.69485199176,85347.85860398127,7499.496340917225,22334.21413532098,18553.253890422493,28.61283333333347,119933.554633762,10800.0,10286.066176875
问题4-3,2025-12-22,96463.83287920163,95814.078115431,5.01988083333481,24842.389786097247,20082.94972142627,2122.230848260021,72809.58734801316,10286.066176875,10329.828405
问题4-3,2025-12-23,99385.61941726509,95468.34514380468,0.0,26684.85392973217,21272.130371873332,2797.5290526125136,72700.88528475951,10329.828405,10710.49652856636
问题4-3,2025-12-24,97789.63418670933,95320.83824053174,0.0,24403.72211981825,19686.4617927625,2749.0185968093247,72203.68645298816,10710.49652856636,10800.0
问题4-3,2025-12-25,94677.87436630522,96373.8996339362,0.0,26080.554254561037,21125.24894619445,3606.1457922362856,72354.95264785136,10800.0,10800.0
问题4-3,2025-12-26,81034.19473171604,75674.41125594411,0.0,13823.96493991769,11197.411601333331,30040.23548402641,42520.13078517587,10800.0,10800.0
问题4-3,2025-12-27,62235.568591036,57378.26785391265,0.0,21019.884999972564,17026.10684997778,10045.680637251196,28488.688848321024,10800.0,10800.0
问题4-3,2025-12-28,76692.61292746947,83916.157866714,6833.1384754455585,22647.05278454149,18736.15207804861,29.14088566666669,112673.1330863964,10800.0,10364.4007527
问题4-3,2025-12-29,96119.24106006035,96687.8139033157,0.0,23801.181009113854,19161.15175059722,4524.018378132414,72108.19803321669,10364.4007527,10495.295049127779
问题4-3,2025-12-30,96999.96133413719,94431.11719025728,4.574113055555472,25715.09704722221,20554.994152465,3051.185808555632,70038.3293145381,10495.295049127779,10800.0
问题4-3,2025-12-31,98502.79529650652,96435.90857315125,0.0,25403.92466287384,20577.17897692781,2962.739953871887,72795.31919374624,10800.0,10800.0
