日期,选择分位数,历史窗口开始,历史窗口结束,历史天数,历史总成本_q0.60_元,历史弃电量_q0.60_kWh,历史总成本_q0.65_元,历史弃电量_q0.65_kWh,历史总成本_q0.70_元,历史弃电量_q0.70_kWh,历史总成本_q0.75_元,历史弃电量_q0.75_kWh,历史总成本_q0.80_元,历史弃电量_q0.80_kWh,历史总成本_q0.85_元,历史弃电量_q0.85_kWh,历史总成本_q0.90_元,历史弃电量_q0.90_kWh
2025-02-01,0.7,2025-01-04,2025-01-31,28,2059080.4555401716,253471.24724190697,2036481.6089497234,296030.6499365963,2030827.5992773296,350348.4735311577,2035943.2574454648,419969.4366335673,2063554.6656338614,524562.4511408575,2071020.136461188,698812.2376546904,2123231.9942374,894766.8256461391
2025-02-02,0.7,2025-01-05,2025-02-01,28,2045526.8894014957,243921.50500182703,2020973.8325052666,283990.8600754171,2013378.633426525,335831.12251769524,2016664.3361564397,403181.87791973504,2042602.634304446,505913.1928278385,2048973.8180796476,679094.2073718066,2106548.6980225663,882123.9363059564
2025-02-03,0.65,2025-01-06,2025-02-02,28,1936037.1355096675,243937.6407684937,1913318.4055842098,283999.7643256094,1913085.6791562883,335903.1140120158,1928470.0912919017,403347.34357034403,1969386.7460437194,506152.18254256924,1991631.8657525706,679633.6547455565,2041933.9361477578,885727.249202635
2025-02-04,0.65,2025-01-07,2025-02-03,28,1919241.5611518412,232719.83694112254,1892734.346998781,268067.87889398774,1888698.3378342243,315185.74568837264,1900435.593108844,378190.23672053457,1940106.2776882576,480272.26481792866,1961448.2171527056,652725.7170520151,2016360.6286497833,864227.3656476372
2025-02-05,0.7,2025-01-08,2025-02-04,28,1905284.7499036598,233472.53974874804,1880631.96650682,264056.841402276,1871966.091598299,305603.7554970632,1879209.0515993952,363033.8269155787,1914538.1978758196,459015.87241112336,1934441.9770249543,629698.4624158205,1993362.0503585609,845719.2376613728
2025-02-06,0.7,2025-01-09,2025-02-05,28,1895833.6314800836,228327.93235367793,1869689.7350215656,258479.95226132992,1857533.6790677072,295467.6205976514,1859826.4708214905,346389.7216279832,1890485.581541054,436536.6807840966,1906849.003491601,602825.7290872888,1969260.800956351,822696.1598001708
2025-02-07,0.7,2025-01-10,2025-02-06,28,1887308.1350813638,228062.3158657949,1860687.9275158425,257758.7670200889,1848154.6596411604,294067.7994482919,1846199.4784273673,339584.7762630089,1871293.727484051,422800.2490394624,1882502.9682224337,582521.4124901933,1947524.254661062,804997.6432960017
2025-02-08,0.7,2025-01-11,2025-02-07,28,1878687.2201568575,230368.59828115668,1851873.4272977307,259141.98386434748,1839098.1894100374,295144.64997504745,1837078.4183681966,340614.96536904876,1855871.8021432804,415933.2760332804,1861064.0661414044,568206.4101792341,1926940.101961015,791529.3360032917
2025-02-09,0.7,2025-01-12,2025-02-08,28,1870543.2358858213,230523.22429895093,1843526.4799515735,259166.53837957524,1830406.4358163823,294757.63941811473,1828095.480816304,339940.50616630085,1843736.2775344618,410959.7835071986,1842173.940789222,554188.7043903565,1906941.9522756313,776293.9353913285
2025-02-10,0.7,2025-01-13,2025-02-09,28,1868426.5896494705,230459.8666386945,1842717.1889448557,259100.22603983164,1830858.0878636697,294689.3298905506,1830585.0434639335,339870.9653150187,1847103.7091181907,410872.6394866217,1886680.9298406173,553171.7801183218,1909623.0669211838,764220.3403384597
2025-02-11,0.7,2025-01-14,2025-02-10,28,1858865.2344189207,231994.25648988635,1832650.4073562233,260155.096248575,1820164.1471082047,294869.58380054525,1817678.1154380736,337284.7238637021,1830062.0635639331,403296.3178577545,1865265.9240773572,540251.1180474529,1889049.9321071536,751618.9103849314
2025-02-12,0.7,2025-01-15,2025-02-11,28,1848421.0678704726,232214.54313582272,1822512.078171745,260193.0096796851,1808958.1939424071,294266.49005113245,1805921.2287060656,335764.49750291405,1813759.075783795,396106.4229165684,1844472.608675497,527584.083896922,1868582.221640878,738674.8749820266
2025-02-13,0.7,2025-01-16,2025-02-12,28,1834975.4085879729,233546.89038450047,1811901.3410838349,261820.01779830313,1798296.611509627,295410.74169289216,1794873.469042833,336223.573368235,1799570.7534552007,392713.4894279371,1825747.052507768,518674.874780772,1849654.2249426441,728780.6232653287
2025-02-14,0.7,2025-01-17,2025-02-13,28,1821889.79229946,236650.62119780623,1799729.1766891016,265147.08868114895,1786186.5595479617,298316.5741560318,1782553.712742018,338759.68376159924,1785966.4214368574,393312.5569342907,1807440.1554104728,513472.95753498096,1830968.5548384278,722340.0998301526
2025-02-15,0.7,2025-01-18,2025-02-14,28,1809802.3808753635,231820.37100178358,1787429.4230109416,259849.4376566895,1773643.0683693767,292854.2792861643,1769737.9415930735,333146.0005167787,1772794.3881130333,387361.35671888565,1789186.903577611,501513.9694241395,1811958.707480641,709325.1766696619
2025-02-16,0.7,2025-01-19,2025-02-15,28,1801337.4372061756,231293.66842266693,1778754.0955201755,259137.49851778676,1764724.4036471196,291973.2582459816,1760528.8499644496,332059.38235611876,1763054.5666855832,385697.7078580922,1775352.0045788453,494536.3029447506,1796955.722181773,700743.6099844965
2025-02-17,0.7,2025-01-20,2025-02-16,28,1790847.9735552198,231298.26802266695,1769426.2184668996,259138.62116339896,1756084.780936639,291965.6521603341,1752547.0988745724,332039.1188649008,1756704.7579897123,385616.5925097332,1784996.8687565373,493912.1146649076,1792095.7361256012,696018.15174706
2025-02-18,0.7,2025-01-21,2025-02-17,28,1778275.023228919,233285.32604076713,1757351.8378816005,261153.42181792465,1743504.8651767285,293570.8764291299,1739533.7941232843,333026.436234611,1741386.451226035,383355.07657311345,1765614.6677523998,486789.901971504,1774867.0661274446,690937.8478888031
2025-02-19,0.75,2025-01-22,2025-02-18,28,1767284.0151661271,227657.56410997256,1744266.0355037968,255064.27027083837,1730089.3177750353,286871.43163421325,1725613.2195926846,325454.75933677383,1725877.69047928,374192.51473871106,1745353.8829113513,472448.728813379,1757186.5293262766,679287.145534751
2025-02-20,0.75,2025-01-23,2025-02-19,28,1747372.4298627856,227979.90105196228,1726567.1556720024,255484.94203475598,1718278.604176952,288041.7351650002,1714028.0487564204,326239.67821861483,1713426.9398619747,374006.0921548868,1727462.7352977467,466032.65411936154,1742136.9594886762,675853.0876175667
2025-02-21,0.75,2025-01-24,2025-02-20,28,1731287.4398435766,227972.08801185025,1712916.1838824523,255581.749784215,1704193.7116349614,287728.24604008486,1699644.8480653109,325585.30434973346,1698617.0491359828,372991.4516100304,1708068.1924629626,459911.7313423583,1725145.4004869934,672334.8069516164
2025-02-22,0.75,2025-01-25,2025-02-21,28,1718592.5391828122,222538.67816867837,1700047.1107819532,250016.77099199258,1691083.9297991553,282339.33819015994,1686383.129929602,320558.21140556165,1684949.3544793963,367576.16761101095,1690581.0167632743,450272.60250728525,1709475.394033521,664852.0178362987
2025-02-23,0.75,2025-01-26,2025-02-22,28,1710122.6163385331,218036.26131676513,1691129.0937279374,244794.68567610515,1681636.382791642,276281.6120554384,1676506.4122880863,314199.80662407604,1674576.1483622964,360894.05416873586,1677065.6361922084,439904.05455538025,1696692.1792273405,655869.6162269244
2025-02-24,0.75,2025-01-27,2025-02-23,28,1687804.0759308087,218037.00391676513,1669210.9308779254,244800.28110943848,1660666.4180763785,276295.79138877173,1656163.1607117653,314215.8962282427,1655213.770497624,360919.2977854025,1670723.8359913793,439979.9185289251,1685967.3425434316,656016.9576141632
2025-02-25,0.75,2025-01-28,2025-02-24,28,1676239.2564755708,215710.98403180417,1656318.411431077,242197.5625701293,1646382.0279597675,273176.68564878614,1641498.7013302844,310817.94243016304,1639748.3498685223,356460.677131953,1649311.4176879076,428767.8586713804,1667887.9941284107,648440.543626075
2025-02-26,0.75,2025-01-29,2025-02-25,28,1651011.1685120112,218698.35371946247,1635991.5723703648,246008.86007805137,1631449.492042824,277477.1561357289,1628696.5544114902,314979.795476215,1626289.8095196045,359891.96098840615,1630045.6917986115,425644.703654985,1651696.3553034833,648725.7667391375
2025-02-27,0.8,2025-01-30,2025-02-26,28,1645197.8302836833,211406.31611399414,1623647.2671863874,237291.04676582175,1616472.1058156376,267796.1343422229,1612477.8260473462,304644.3115347603,1609654.177622201,349364.219732338,1608051.6025981936,409095.8771846774,1632737.3798984198,635750.7692653609
2025-02-28,0.8,2025-01-31,2025-02-27,28,1636139.6383174579,211677.7224044462,1613411.2056965183,237064.23730275055,1604988.2591028076,267134.0035681196,1599829.019637788,303609.2571392637,1596583.746217217,348254.9751858669,1594548.6587358357,407595.147183651,1618079.6065997658,633151.6171493697
2025-03-01,0.8,2025-02-01,2025-02-28,28,1624437.5143689509,208411.029188691,1601483.5465886479,233610.3162557677,1592918.7115679975,263806.79871125973,1587621.0538401795,300660.618099842,1584143.0894758324,345196.8329053202,1581756.9662182846,404287.6485176369,1603780.4918762282,628324.3899646685
2025-03-02,0.8,2025-02-02,2025-03-01,28,1617174.0150792769,205792.84729909606,1593749.8610748476,230171.00727323774,1584674.877136682,259464.42744823731,1578832.73044764,295493.35639584786,1574861.6834852407,339440.81802944496,1571972.979733951,398254.7184432459,1592017.937892036,620714.147161413
2025-03-03,0.75,2025-02-03,2025-03-02,28,1648673.4118927193,205776.71153242938,1628165.2747770185,230150.84526490438,1621975.784708014,259367.9164286604,1618245.385834157,295290.0683417133,1615770.1446398534,339150.7030329193,1614210.138940185,397681.03814206,1626808.09125586,616868.4542033306
2025-03-04,0.8,2025-02-04,2025-03-03,28,1659557.323979555,204598.7082761429,1634964.3690879636,228056.42684400766,1624066.3668433132,256262.34206799284,1615475.7556918247,291008.7573489096,1606777.3118215273,333511.1125301911,1604219.3682687392,391872.70285225724,1617611.650731464,612535.127953741
2025-03-05,0.8,2025-02-05,2025-03-04,28,1657892.5797310523,202762.71222480448,1628382.4985824511,225093.88800882458,1612466.2203418915,251946.44418133757,1603894.9090216036,286553.61386140087,1595149.110202144,328957.16789548955,1592946.7624756105,388588.62113469903,1606682.9479846286,610164.681557316
2025-03-06,0.8,2025-02-06,2025-03-05,28,1646963.8710016322,203348.01897284974,1618185.2377949075,225793.72028320935,1601934.0689311847,252458.09795109063,1593407.5613812408,286999.1394508119,1584632.79726062,329647.8460007035,1582741.859189619,389979.78207953187,1596639.9848440941,612246.9329532151
2025-03-07,0.8,2025-02-07,2025-03-06,28,1642148.327860724,201911.44027694647,1611736.4328597372,223833.74369411674,1593558.2539693692,250228.0713626153,1581666.484844965,284239.01601263543,1572491.0682160328,327182.69464387017,1571023.6118278578,388428.3179112326,1584937.1017007905,611293.1965362479
2025-03-08,0.8,2025-02-08,2025-03-07,28,1631660.1185933547,195186.90986384774,1601097.216754765,217365.26220680602,1582863.722443124,244207.18540681695,1570921.8316461265,278784.586543557,1561754.860249377,322032.27507736813,1560399.7133440948,383877.20028965233,1574032.4418926954,606882.2170302861
2025-03-09,0.8,2025-02-09,2025-03-08,28,1626644.5949669327,197885.6256452078,1595698.3773655195,219334.83783747017,1577112.4658537908,245549.75581322948,1564791.9650076204,279493.7999587731,1555205.7098383866,322032.6121416253,1553692.525185122,384172.18610042136,1566538.768069177,607461.2173365628
2025-03-10,0.85,2025-02-10,2025-03-09,28,1598276.103416764,197976.55230087446,1566872.6222897412,219482.59331063685,1548903.3721552943,245719.03014822947,1536568.8784539918,279720.479995023,1525818.796519626,322409.56524229195,1521619.1690360783,384755.8374678797,1537004.8551277488,609121.2314346081
2025-03-11,0.85,2025-02-11,2025-03-10,28,1603039.0683842502,191852.1880666687,1565849.4124565683,212290.42951540995,1541508.8189397862,237578.5394063684,1526229.6164949706,271089.11591765675,1515608.6819393253,314076.44994789286,1511608.2529085414,376791.1832780139,1526633.794882776,601333.3818966286
2025-03-12,0.8,2025-02-12,2025-03-11,28,1597712.2707191235,192691.27785138474,1559728.652528132,213092.96970716253,1533212.3419607042,237950.20132795273,1517904.9951344386,271539.43401574064,1507441.7298865798,314889.04735962127,1503696.3912674095,378154.71724915976,1518304.465036437,602643.3232188252
2025-03-13,0.8,2025-02-13,2025-03-12,28,1586780.465479365,191235.60259752057,1550508.7700171927,211970.49598490278,1523212.8997561394,236958.39629440746,1507810.1801863594,270523.5306842001,1497438.907349213,314042.3597372715,1493832.176457805,377705.8012494802,1507919.0372089196,602130.4141217511
2025-03-14,0.85,2025-02-14,2025-03-13,28,1604310.6302735268,185318.87966768522,1563282.2553644464,205140.0329059105,1530690.2572792887,229160.50513400315,1508437.8561564567,261481.2620874254,1490060.1367182606,303568.9418370781,1483676.5077746361,366992.24330828525,1497039.7805147248,591163.4435037285
2025-03-15,0.85,2025-02-15,2025-03-14,28,1598757.2100482818,190351.24490158228,1557683.8240096418,210305.2720720489,1525041.7943169777,234125.1810137871,1502867.548884044,267056.38860065583,1484669.8627159218,309626.47202165215,1478230.3043859543,373227.6685280501,1490833.0908325636,596552.1259127212
2025-03-16,0.85,2025-02-16,2025-03-15,28,1595080.1172052717,191442.35025297327,1553701.884999856,210767.35460854118,1520750.5402487891,233886.30141471716,1498187.8466997219,265977.42145405855,1479621.1290070566,307753.45139210275,1472461.9364060436,370079.66560664127,1483268.865885108,591452.8343606705
2025-03-17,0.85,2025-02-17,2025-03-16,28,1585215.550126791,191427.8137863066,1544526.6186947513,210749.19848770785,1511658.0151084736,233864.82875638385,1490150.3978976132,265954.6629748919,1471613.6482923254,307782.65357893606,1465367.1890288496,370405.1413998496,1480268.223559847,592184.4113142538
2025-03-18,0.85,2025-02-18,2025-03-17,28,1577362.3753367267,194447.27464477162,1536864.5266722746,213801.69206057978,1504204.1453825266,237054.1178440454,1482737.029521339,269266.0940240535,1464310.2353725364,311290.5758162653,1458071.3291002824,374210.60189518705,1472298.7476324274,595561.1663664421
2025-03-19,0.85,2025-02-19,2025-03-18,28,1574870.1174617696,194615.14892300416,1535130.9435933158,213921.5202957953,1501145.7830142747,236904.36007279746,1478556.5715192722,268944.4881957124,1457642.5906182271,310556.2190405287,1449607.186559396,373165.52834197,1462818.824978221,593676.0734400336
2025-03-20,0.85,2025-02-20,2025-03-19,28,1564230.8409793251,195473.64375968935,1526016.6957339388,215149.67096190024,1492519.0774263463,238394.38641708143,1470064.146351408,270817.5547674202,1449603.7111830148,312999.45334681054,1441821.5108577732,376117.6699839777,1453726.4296892236,595337.3878111131
2025-03-21,0.85,2025-02-21,2025-03-20,28,1561901.652801549,195414.96665446507,1522095.954085081,215044.89416925673,1487523.8867007839,238350.87957207303,1463262.1520799045,270561.5359336574,1443044.3903159301,313002.94917956804,1435558.4359658482,376629.7584143604,1446158.3478153052,594476.2824176338
2025-03-22,0.85,2025-02-22,2025-03-21,28,1555959.8894257338,198655.63001246506,1516038.0647945446,218342.93648154323,1481445.0646647806,241697.98931798662,1457043.026167658,273481.4429491023,1436888.1295535502,316201.49461417913,1429550.295943491,380474.25142287684,1438409.047302689,596659.824714785
2025-03-23,0.85,2025-02-23,2025-03-22,28,1553124.162722238,205427.78818941358,1513185.4039407517,225071.3872089429,1478608.006306445,248392.39455700715,1453987.3599163382,279490.0185011085,1433518.1341806208,321320.52498672856,1425606.4401358636,384368.03688965156,1432158.279736718,597247.4253353509
2025-03-24,0.85,2025-02-24,2025-03-23,28,1536589.5879686112,205455.89473941358,1497230.5559360096,225097.65340477624,1462719.2048030775,248412.2497903405,1439303.0408727399,279510.69604277523,1417133.8518748584,321337.3539533953,1407090.2844263874,384437.55946965155,1423778.2833306722,598254.2143198181
2025-03-25,0.85,2025-02-25,2025-03-24,28,1532855.2626275355,204356.2965187099,1491632.5261380507,223570.1688488678,1454971.7386691778,246518.33964491868,1430934.9630827883,277156.4037417824,1408914.9103220038,319499.9751028642,1399240.3531465128,383300.41270639753,1414429.8079769243,595517.1385121606
2025-03-26,0.85,2025-02-26,2025-03-25,28,1536874.3045765292,201213.07337041566,1490398.0200395186,219339.23928813115,1448670.2525046768,241501.1139211306,1423989.2507413598,272122.35411712446,1402132.2225632453,314603.3061293662,1392789.7442544156,378895.51600208686,1406691.9814150545,589725.0229485157
2025-03-27,0.85,2025-02-27,2025-03-26,28,1522035.608789507,205641.11342670576,1481721.6260009545,224890.11033110446,1442392.603820247,247379.28422023554,1418746.29974375,278482.14443103655,1397012.8131035706,321158.97665588884,1387953.8276445116,385882.69683751126,1400211.9504305476,594759.6323174345
2025-03-28,0.85,2025-02-28,2025-03-27,28,1515881.5811908937,204047.5062035494,1472601.921820374,222846.84137376133,1433444.9965006423,245413.86884420362,1411648.911242444,277122.04877157405,1390390.9818649197,320297.6078603312,1381667.4970005753,385646.7014818148,1392345.8727148264,592682.2301431112
2025-03-29,0.85,2025-03-01,2025-03-28,28,1510805.9107628365,207210.48775381892,1467385.3641538199,225922.75008594396,1428099.1815206194,248682.7743992092,1406265.2112900964,280577.29061333847,1384991.4698355987,323935.9771682037,1376321.3300117122,389738.5670941136,1385229.500220821,595153.0939459868
2025-03-30,0.85,2025-03-02,2025-03-29,28,1507995.9622640114,218275.9331676646,1464604.4733168485,237037.43145202316,1425356.4101186183,259839.74090942115,1403605.6580773299,291834.9466180273,1382232.3104196943,334872.5038879835,1373158.790221715,399582.30254223297,1380182.6681418773,601712.5567506432
2025-03-31,0.85,2025-03-03,2025-03-30,28,1463607.4334674003,218275.9331676646,1421055.1129754314,237037.43145202316,1382692.6821598117,259839.74090942115,1361839.0253895898,291837.28722219396,1342587.645646049,334878.83305465017,1334567.76948568,399557.69453389966,1346924.6680125939,601770.2991528099
2025-04-01,0.85,2025-03-04,2025-03-31,28,1438954.6907547542,218214.46218258023,1398341.1512117593,237619.24004259982,1362654.9203118028,261148.10541608575,1346397.3750314661,294208.4513020628,1333332.7292228003,338613.23612957605,1326425.9632029978,404028.1555206496,1336846.6526177065,603989.1198672594
2025-04-02,0.85,2025-03-05,2025-04-01,28,1436095.8145631866,218229.3394427469,1393518.303663647,237467.8578762454,1355626.5856415713,260853.9893103666,1339286.0096712103,294053.79790474026,1326382.7401092856,339128.3250678642,1319374.7621860753,403962.34530690376,1328267.9791322013,602200.2586113315
2025-04-03,0.85,2025-03-06,2025-04-02,28,1445157.415243795,216902.0965730905,1396102.7857734077,235048.82002796812,1356962.077317508,258112.66114685117,1340498.1767163826,291832.20015066356,1325373.3379872562,336454.2595758724,1313690.8176582665,400161.1318364912,1319722.3345091739,596374.7906537162
2025-04-04,0.85,2025-03-07,2025-04-03,28,1435347.1928025556,220006.09213573454,1386053.615941556,238381.95292181536,1348331.8583601683,261653.53995119064,1335470.4455540918,296384.3280160802,1321013.6372157065,341252.3066415885,1309235.796143691,404788.1688684175,1313526.3660432643,598885.8603933819
2025-04-05,0.85,2025-03-08,2025-04-04,28,1430969.8032509012,227005.21169668518,1381427.9040108095,244670.39370413893,1343426.501909961,267501.48369040777,1330268.4394735415,301535.2702660623,1315625.738077642,346528.18921462353,1303743.667672968,410239.1420479283,1306179.0864831212,602331.5797265813
2025-04-06,0.85,2025-03-09,2025-04-05,28,1428687.6136341172,230605.2740747551,1379143.709250448,248271.8250410643,1341152.321685125,271098.79830287787,1327944.5021540648,304976.41780785756,1313156.7015309664,349752.52648295683,1300900.639814559,412392.0610339077,1301375.7479223155,600851.0110722585
2025-04-07,0.85,2025-03-10,2025-04-06,28,1411411.0046979268,230552.86905242177,1364717.9403130908,248166.13147623098,1328534.3016276034,270972.5552095446,1318890.8468146352,304791.11216744094,1306362.816963381,349418.75476562354,1295869.1525136207,411845.73707478266,1300439.329668264,599377.4769315054
2025-04-08,0.85,2025-03-11,2025-04-07,28,1389380.2250320702,232893.51837577156,1348597.810709497,251705.63420336577,1318776.1121060336,275669.43456056516,1311981.7969032924,310237.9925024589,1299400.5096362184,355403.2239206482,1288990.3478353317,418190.4985323732,1292089.3096549837,603996.7488514005
2025-04-09,0.85,2025-03-12,2025-04-08,28,1382167.4614482082,231471.11225847114,1341767.9874613562,250428.3324939337,1313581.2705904632,274845.62435061653,1305413.852602613,309420.65161328966,1292409.5771090023,354469.381578389,1281572.706785043,417445.3035525545,1283169.5136501768,601622.3559119755
2025-04-10,0.85,2025-03-13,2025-04-09,28,1391052.1684980092,230362.05241657814,1344990.1380562806,248352.07524384058,1311300.4735717645,271801.24024303013,1300910.3840355917,306187.40014370636,1287810.7534844095,351438.252045926,1277175.6474423434,414758.18410410243,1277188.8016213295,597051.7687079591
2025-04-11,0.85,2025-03-14,2025-04-10,28,1361812.0270010624,233754.9180399156,1319648.8229756542,252604.84893410705,1289902.1902926168,276984.2516399427,1286154.1032926266,312755.9343816307,1281335.1210456498,359955.3244723951,1273724.3675326132,424040.3135046647,1272114.2266962524,604276.5419707275
2025-04-12,0.9,2025-03-15,2025-04-11,28,1357016.3035570858,235837.38334565016,1314556.5549777932,254095.5590781991,1284483.5259858626,277980.9749715425,1280202.2977574093,312460.2736596734,1274948.1146866954,358935.35286962555,1267116.363894862,423061.79133645026,1263655.9028588138,601774.5209837388
2025-04-13,0.9,2025-03-16,2025-04-12,28,1354913.2119419575,244977.80984802672,1312454.3806285285,263203.03301523253,1282357.605113604,287011.3403871927,1277966.6711410189,321341.82418271864,1272697.2003998724,367797.2070508683,1265013.7319477578,432167.7634298361,1260492.7427596818,609023.8597561393
2025-04-14,0.85,2025-03-17,2025-04-13,28,1336027.9566570537,245013.24914802672,1295305.1706629752,263242.9244318992,1267964.879593492,287053.07230385934,1266979.7345913826,321385.5195368853,1264760.8794060408,367800.888417035,1257668.8255047998,431887.62526000274,1260209.2273390144,608232.1039748059
2025-04-15,0.85,2025-03-18,2025-04-14,28,1329586.4664355698,239643.15639277364,1289003.416413722,258022.82850198157,1261055.3764638267,281711.4360599056,1259994.4468164442,316228.28995328443,1257841.281866352,363000.04558824294,1250825.728698008,427433.0620296987,1251756.5990398105,601799.6203835775
2025-04-16,0.85,2025-03-19,2025-04-15,28,1319433.178823347,243134.9296477551,1278439.0974500605,261756.6707782295,1251031.569385778,285534.20053512254,1251115.730700151,320600.83403044497,1251573.1498770157,368138.241515961,1246590.7409843523,433221.2902187223,1246023.9741277827,605536.2598400107
2025-04-17,0.85,2025-03-20,2025-04-16,28,1322862.3559939037,241277.84885173658,1276164.5304261337,259169.93578923307,1246130.5747997626,282108.5778614065,1246138.5966108867,317361.3254792284,1246507.196507659,365034.90638956387,1241487.7196073534,430216.3023231025,1239757.5237312347,601086.9665616265
2025-04-18,0.85,2025-03-21,2025-04-17,28,1313548.9475108497,242979.19987716043,1268709.573903209,261391.43267262814,1239508.916543273,284639.297025853,1241380.3178072541,320432.8851310031,1241610.433741387,368049.05888034374,1236551.3554912733,433100.89501124655,1233530.5563816694,602280.2512676565
2025-04-19,0.9,2025-03-22,2025-04-18,28,1310110.8398641502,243247.94619123655,1265049.6913411003,260861.0171662115,1235495.0306933254,283484.58058196626,1236955.1248046483,318526.3965956121,1236773.9621628523,365573.3290987676,1231533.278758541,430402.1866992121,1227123.1502811536,598109.2193082459
2025-04-20,0.9,2025-03-23,2025-04-19,28,1307765.6284808442,249047.19894465426,1262739.874629223,266692.7216599733,1233120.896508375,289180.8019670537,1234476.1852466548,324060.5249943158,1234185.9129612688,370965.8088504281,1229148.9555008835,435979.7146849532,1224048.549049138,602544.9431582191
2025-04-21,0.7,2025-03-24,2025-04-20,28,1290143.4900595462,249018.3497946543,1246869.5136658452,266660.8600308066,1219671.8948155418,289146.7674003871,1223197.6651428568,324023.75784848246,1228650.1443984527,370923.73626709473,1227555.4813364372,435833.54832528654,1226744.9753959046,601238.9227065854
2025-04-22,0.7,2025-03-25,2025-04-21,28,1280059.5399393553,252136.5136195082,1239333.0649641592,270458.27261406847,1215213.9584605303,293636.25987149304,1219411.9353298524,329339.8195013888,1224698.6945338487,375878.44581780053,1223524.5902233284,440508.39483836567,1222417.9497321348,605616.1224546254
2025-04-23,0.7,2025-03-26,2025-04-22,28,1274728.76938491,252089.7544613415,1234024.8043606183,270587.1748400582,1208887.2660504947,293663.0314905229,1213600.6199878992,329296.7894542592,1218733.7185115784,376063.36449280876,1217478.088535756,440869.32587013574,1215765.4486983672,605559.7284859576
2025-04-24,0.7,2025-03-27,2025-04-23,28,1270147.5211552135,249842.77965861105,1229491.7690242613,268320.182549744,1204289.2709814252,291481.0721425223,1208982.1344958653,327711.91999236884,1213942.8061449502,374308.50207867497,1212592.567019359,439067.33161168563,1210590.5959618357,603615.2345789504
2025-04-25,0.7,2025-03-28,2025-04-24,28,1259706.4943262895,254610.21370072832,1223641.376506786,274053.9495323741,1200130.2511581199,297688.28473974555,1204774.3971057464,333973.6600656225,1209592.9924316546,380493.79907283135,1208106.939607355,445101.0515182654,1205702.4794369463,609410.4027176726
2025-04-26,0.7,2025-03-29,2025-04-25,28,1256714.811910962,259336.79237839708,1220590.1238699784,278523.18972337357,1196834.6142098508,301506.4606053069,1201012.2889697547,336447.63495078444,1205472.2712751136,382191.1343423807,1203609.8657896041,446022.6831432516,1200634.731397329,610113.480387541
2025-04-27,0.7,2025-03-30,2025-04-26,28,1254362.9095872163,263724.4122030493,1218276.0336317092,282918.88714900985,1194487.7129747833,305855.61388767,1198541.4811433034,340589.06785468105,1202956.956105828,386205.74280229834,1201167.3678439101,450133.8953157412,1197919.7312952792,613886.9181931725
2025-04-28,0.7,2025-03-31,2025-04-27,28,1237603.2732859566,264073.3102363826,1200988.3926839195,283267.78518234316,1177189.145416051,306204.5119210033,1181734.5549121872,340935.6252838477,1185909.1883282198,386548.311668965,1184923.5950963784,450512.2596213662,1189004.2434480924,614147.4877946725
2025-04-29,0.85,2025-04-01,2025-04-28,28,1272360.0029775784,263929.99427714193,1230515.7827396297,282204.1121410952,1202795.2559310247,304541.43772097555,1199156.6699919691,338021.1315220936,1192848.5355868647,382003.52527042176,1180261.2536862988,443767.54469186574,1184184.2564112172,607423.3224957867
2025-04-30,0.85,2025-04-02,2025-04-29,28,1261457.9136252718,271647.38800359046,1224674.3435790048,291106.7424569898,1202755.1262509082,314787.7382362687,1197890.0935541084,348260.29114086414,1190196.744547289,391947.6108756049,1177441.4701212435,453893.9241376162,1181505.345577008,617714.2231250748
2025-05-01,0.85,2025-04-03,2025-04-30,28,1240618.6068867072,273060.47488320776,1210259.5313136594,293656.4951968622,1189679.1781676477,318006.38707203005,1185001.6565438954,351540.30356229417,1179548.8712881932,395947.0231791337,1171126.8354913457,458878.94447763835,1176356.032566057,623407.2818741612
2025-05-02,0.85,2025-04-04,2025-05-01,28,1251986.9681599764,270303.22662154725,1221291.0410223652,290866.12149145326,1199270.6967128222,315093.0894119436,1192400.1726035145,348317.93680541153,1184099.8426625195,392038.9966527654,1171597.4999211638,454294.35928821657,1169131.625157771,618091.1020273566
2025-05-03,0.9,2025-04-05,2025-05-02,28,1250476.3229871804,258617.4645505988,1219888.1056375906,279350.541499532,1197818.6630447784,303236.4952071649,1190928.6779972687,336386.3128732098,1182411.7133982526,379285.313490037,1170206.9510877891,441307.6638750767,1166537.3663806408,604882.7369810945
2025-05-04,0.9,2025-04-06,2025-05-03,28,1250108.8584669193,260675.69699192594,1219620.5549891738,281519.7320591714,1197550.0723931838,305349.9218237153,1190734.2626624852,338605.6063694367,1182408.504872497,381627.16385419545,1171052.1168243175,444467.50195101957,1166606.3884639312,607317.9373134361
2025-05-05,0.85,2025-04-07,2025-05-04,28,1242752.561545726,260660.24154192593,1211519.2671293796,281508.0871591714,1189239.1158773655,305344.0377487153,1182054.2758781016,338608.38514027005,1175307.6617124293,381642.8047375288,1164280.6805516968,444501.59835518623,1165625.3300070812,607193.1411806438
2025-05-06,0.85,2025-04-08,2025-05-05,28,1256726.3287330244,258595.07795127368,1219976.9282527661,278735.9955060001,1193823.0389618403,302224.3377107256,1185279.8285026394,335560.3224469393,1176324.7185101924,378136.730927572,1163898.2341399505,440877.2801031533,1164409.8021343742,603179.8230983638
2025-05-07,0.85,2025-04-09,2025-05-06,28,1257376.8472559075,256640.67194768315,1219235.3110925872,276765.82258346205,1193099.076934499,300506.82840125036,1184571.5036131656,334209.72865119856,1174952.1372662715,376783.5349432325,1163212.4892150392,440008.40204425826,1162711.5716362419,601566.8762650604
2025-05-08,0.85,2025-04-10,2025-05-07,28,1265101.5766257367,256527.46359794444,1225587.6029016697,276612.0613143566,1200206.0183555325,300954.2176022082,1190996.6014044583,334834.17866166664,1176953.0885168,376911.8117717572,1160919.7411558295,440107.4719937965,1159377.0385010112,600991.3837509133
2025-05-09,0.85,2025-04-11,2025-05-08,28,1277822.4533725488,253088.01677893006,1233038.0799085116,272388.72418312303,1200287.900310346,295777.90329331,1190035.583003451,329389.3255470499,1176336.932318393,371634.4781583745,1160553.774064117,436123.13226470136,1157911.9484822843,596491.4793539597
2025-05-10,0.9,2025-04-12,2025-05-09,28,1278368.4592381972,248559.2120247922,1234019.4593037765,268815.9583898922,1201712.5316539304,293098.55412026367,1192189.1672327446,328508.14050997945,1179366.322147336,372861.72586387425,1164215.6477329405,438052.28037422197,1160738.1923107302,597659.2658778672
2025-05-11,0.9,2025-04-13,2025-05-10,28,1279098.1882893303,245504.87314931274,1234861.954299264,265910.80270911136,1202706.992221909,290402.6525802955,1193581.0977363088,326285.68197098514,1181309.5121200974,371171.8390880429,1166575.6526651338,436703.1872110759,1161988.3429636853,595111.5588522304
2025-05-12,0.9,2025-04-14,2025-05-11,28,1285345.6682367253,245469.43384931277,1240321.2292361686,265870.9112924447,1207454.82343057,290360.92066362884,1196428.504640342,326251.2258028601,1179806.3307224624,371176.5396587096,1163125.674770692,436738.51074065926,1160029.0527706107,595152.8276515638
2025-05-13,0.9,2025-04-15,2025-05-12,28,1288801.977268332,248105.24699200617,1242490.141396922,268498.04400418594,1209017.0008045167,293229.2892309231,1198364.3374364588,329400.2771780555,1182233.316824782,375079.2992799894,1166026.6605679234,441181.4462813001,1161833.6613712455,598612.9179526389
2025-05-14,0.9,2025-04-16,2025-05-13,28,1293869.7073159404,244779.94030032307,1242806.7383346048,264535.6728947553,1209768.0257594725,289871.32504642225,1199202.995768457,326654.6030193493,1183438.7599215657,372585.13015579805,1167511.646534457,439196.40613389737,1161951.787953549,595799.0512918354
2025-05-15,0.9,2025-04-17,2025-05-14,28,1284616.4341502588,246268.96055339303,1240886.6336367454,267473.65354545333,1210841.9325716598,293938.7676854511,1200725.1004751574,331160.6929062397,1185419.802584941,377508.22439310874,1169828.0753805637,444567.6815218634,1162958.4180499075,600062.0078880072
2025-05-16,0.9,2025-04-18,2025-05-15,28,1287976.2782902473,246290.35793866665,1243088.763902928,267421.69980715506,1211190.9344714594,293783.75838997064,1201367.3380892933,331306.2379999305,1186503.536405867,378253.09887295647,1171236.4773410808,445999.50534950075,1163084.1579281373,600707.1654409433
2025-05-17,0.9,2025-04-19,2025-05-16,28,1288883.524173297,250335.0800076934,1244211.836725279,271958.5910922028,1212590.9744977895,298606.13439907035,1203266.6309336813,336856.9095142824,1189075.1741528297,384812.3332030162,1174224.9892322721,453176.1097970059,1164913.5630652802,606836.1148597014
2025-05-18,0.9,2025-04-20,2025-05-17,28,1290010.2713799514,247403.9082720165,1245478.1555688705,269191.6123497949,1214076.0148579048,296146.333964665,1205107.1250159026,334823.6724108127,1191422.311588465,383361.5572469729,1176903.6032939611,452154.0671145197,1166205.7032520315,604310.9664462529
2025-05-19,0.9,2025-04-21,2025-05-18,28,1296968.3578621226,247422.30258868317,1251790.7104959907,269223.6744706282,1218700.8159113145,296186.67931233166,1204094.3874897715,334877.35464831267,1185200.6534841633,383463.2368244729,1166783.1236109387,452307.0217943114,1159272.8846149559,604488.6307825862
2025-05-20,0.9,2025-04-22,2025-05-19,28,1298639.9557919204,249243.76949295064,1253572.2220250987,271415.03838488495,1220683.5059605096,298630.1482343934,1206357.8941458424,337599.10394416656,1187682.8185070844,386913.49884741945,1169410.7399639625,456391.8822245563,1159875.3273736823,606861.5770283599
2025-05-21,0.9,2025-04-23,2025-05-20,28,1306156.6685366777,249193.24848731485,1258950.6642731875,271374.2213141488,1223918.5174302172,298589.570319703,1208577.795713478,338278.192441911,1190245.4248189072,387644.40991421364,1172328.2899896777,457481.8524861242,1161015.7711215052,606268.1214178496
2025-05-22,0.9,2025-04-24,2025-05-21,28,1312497.3439607134,251227.14288081275,1262565.4887235656,273504.564117782,1225794.9320798165,300748.03132434556,1210781.9521261218,340590.82308700104,1192813.8532679325,390357.9776561499,1175357.264425818,460973.29088077287,1162084.1246432404,607863.1940411244
2025-05-23,0.9,2025-04-25,2025-05-22,28,1313523.8836640096,247621.28028750414,1264409.3685633666,270673.54614726605,1227899.8980586308,298749.3201103065,1213224.6320776476,338965.2846853575,1195617.503842341,389173.30451974046,1178545.7449149797,460462.02051422757,1163264.8301965639,605480.1139300081
2025-05-24,0.9,2025-04-26,2025-05-23,28,1315121.3059622566,244692.85836523998,1266053.2292512774,267773.6872211838,1229739.5537052408,295618.8143686214,1215442.4614848068,336266.13050583587,1198332.4138693314,387290.77442478575,1181857.5909387968,459808.363606617,1164823.7002760628,602812.6375906
2025-05-25,0.9,2025-04-27,2025-05-24,28,1317375.39047355,242995.89268739632,1268359.3058066177,266133.0367434302,1232262.525616674,294183.65130663576,1218294.4481234602,335199.99234198814,1201512.5117629191,386571.73988572403,1185356.105863019,459473.1060140002,1166625.534565422,600438.9630938881
2025-05-26,0.9,2025-04-28,2025-05-25,28,1311850.1024146045,242698.903804063,1262906.6559958619,265846.23059759685,1225488.6656985052,293912.77039830247,1209716.5273642968,334950.6406419882,1191265.5117888816,386332.09393689065,1171288.6448427385,459224.66494200024,1161899.2265549332,601966.8400174006
2025-05-27,0.9,2025-04-29,2025-05-26,28,1295896.8619043985,242769.659711563,1245501.8072001552,265927.0250754302,1207333.4206543688,294075.93237033946,1190707.2017550108,335176.0893419624,1182212.162622422,388731.83981892565,1174013.4428056811,464269.43150383356,1162106.3356117306,604309.9239326175
2025-05-28,0.9,2025-04-30,2025-05-27,28,1291843.7786089426,241217.0683770527,1243371.5587314519,264764.72576989623,1206735.4336743155,293353.0108225833,1191550.6909516298,334974.2879447891,1184476.960501498,388725.329345934,1176493.1408100831,464378.09801300074,1161971.6018957007,601606.9334422698
2025-05-29,0.9,2025-05-01,2025-05-28,28,1297736.9920517027,240009.95268210207,1245725.318143964,263532.15860165237,1209501.3231241049,292371.98729190737,1194351.8835663323,333918.56504727626,1187425.1345616332,387601.34737512324,1179772.3849251566,463682.19289358763,1162803.004060839,597955.3011966536
2025-05-30,0.9,2025-05-02,2025-05-29,28,1289769.776882524,240021.74152843538,1233005.6394913965,263023.25322024495,1197599.5007305327,292358.3995402222,1184669.323213421,334168.83428801445,1180473.639851522,388503.9755263084,1176885.795792883,465512.4059059812,1165088.5100783587,598184.3904041843
2025-05-31,0.9,2025-05-03,2025-05-30,28,1290946.41802219,250224.91077613705,1234178.1392286092,273169.5745291992,1199074.0670517385,303000.21600308025,1186600.3737813681,345452.10807829996,1182763.9673794042,400571.35229225905,1178893.3353622623,477688.12831574754,1166467.4079269345,608557.9436519077
2025-06-01,0.9,2025-05-04,2025-05-31,28,1291342.8157594064,250842.02096950955,1234615.8242828902,273893.6991917599,1199564.7449503953,303778.8668914475,1187227.2479874517,346355.1823855402,1183420.574176747,401557.89594611706,1178930.0723340716,478038.4843843993,1165837.049202276,607735.6541599992
2025-06-02,0.85,2025-05-05,2025-06-01,28,1374791.9136548452,250818.9547861762,1319184.8922397387,273863.2821834266,1285102.8256331116,303740.76223311416,1273391.281133321,346306.4322605402,1270567.1636401624,401492.47314611706,1266794.6418388993,477952.2142302327,1264026.4014189967,607647.0042933325
2025-06-03,0.9,2025-05-06,2025-06-02,28,1405935.916022872,252015.04671593546,1349323.3597160825,275018.43707857217,1313283.0988239094,304468.3391326029,1297779.1666903605,346413.54667582054,1292117.4791910348,401053.10961373436,1283165.6268755326,476317.03075681493,1270824.0606114697,602358.7505172265
2025-06-04,0.9,2025-05-07,2025-06-03,28,1446144.7065489227,251947.3800067688,1383654.1147458456,273844.3544757203,1339753.2319004687,301950.27268745063,1315959.3833659687,342284.2672139275,1300267.8020119835,394968.9348435574,1290257.2641510237,469190.6089691375,1277064.7995320107,594802.5141331598
2025-06-05,0.9,2025-05-08,2025-06-04,28,1468214.938801732,251862.70377360214,1405513.5409979222,273725.2497325613,1358316.5037437337,301122.64916997944,1326884.2075307872,340038.8169996837,1308567.9320388436,392220.52004369936,1298071.7195040516,465258.36007412133,1284443.4552853797,590293.8635511587
2025-06-06,0.9,2025-05-09,2025-06-05,28,1499426.3131266108,251802.02509276877,1435170.8250537247,273489.70480536995,1387892.882755249,300904.92511779425,1347885.1569574394,338366.78330577165,1321356.6247232913,389175.8947317014,1305158.2714564411,459851.20199603954,1291094.5396191142,584618.2686603583
2025-06-07,0.9,2025-05-10,2025-06-06,28,1504068.0326637905,235576.5112150445,1440007.6887804572,257092.8081525916,1392824.5288192097,284389.312453818,1352983.708084065,321852.362282572,1326332.974046743,372382.41708294867,1310072.4305077926,444646.07511911774,1295589.546687349,569063.7833859599
2025-06-08,0.9,2025-05-11,2025-06-07,28,1507489.9631272235,220529.1142587688,1443572.0248193722,242282.4277363051,1396557.0997192892,270004.63221215847,1356937.0175281945,307890.5428440972,1330570.2661141467,359600.1809714734,1314742.6067800683,433172.251692575,1300456.8312753006,558439.9000351833
2025-06-09,0.85,2025-05-12,2025-06-08,28,1490977.7726604533,220597.0981337688,1421525.2144089537,242401.17629276344,1369109.732915863,270164.4518444918,1324387.6489606772,308325.80732772115,1296758.6253126506,360506.645968889,1286987.0661253526,435863.3745731506,1293254.5769919257,564342.1831985217
2025-06-10,0.85,2025-05-13,2025-06-09,28,1522218.5484783016,217454.81108818648,1445527.5965750916,238195.60923401703,1386915.0724763705,264771.82488427474,1333947.5496179915,301521.99436234566,1306009.2611636154,353162.6016333478,1296018.0158562367,428229.05008879007,1301821.9199992476,555861.4008319158
2025-06-11,0.85,2025-05-14,2025-06-10,28,1532900.2614004696,217004.5774838223,1457357.7861527463,238077.13317623,1399249.1494900284,264279.3059392356,1346530.7549491925,300865.7180334955,1318557.2341824584,352492.6542115577,1308420.4092173865,426912.3221986301,1314216.7683422603,553786.5239633819
2025-06-12,0.85,2025-05-15,2025-06-11,28,1573760.5996582871,216657.75398318857,1492633.5029581292,236831.69993753248,1428616.8086331019,261930.20111196506,1368688.4995246006,296792.8107437732,1333520.8383252975,346746.2283432758,1320315.4765262245,419803.590150732,1325871.5605741686,545880.5481781762
2025-06-13,0.85,2025-05-16,2025-06-12,28,1585261.0712122833,217644.1077545857,1504910.5892546738,237843.6693438915,1443695.0915695862,263682.9676967284,1383903.5678688758,298565.3273768724,1348663.0959825467,348140.7035604178,1335132.0631617666,420250.94884279836,1340491.3655124507,545321.1411197567
2025-06-14,0.85,2025-05-17,2025-06-13,28,1597592.7004006433,211642.46453552396,1517602.539331648,233019.59930964874,1456862.4744146368,259699.50791468308,1397480.120900872,295161.16222104686,1362269.0853866301,344557.9258693869,1348604.4021684777,415881.1624928756,1354114.3852280402,540271.7452973595
2025-06-15,0.85,2025-05-18,2025-06-14,28,1605477.077022553,207969.27004087993,1525817.6583146597,230155.66197989305,1465522.3647147855,257832.26366185796,1406586.3852047045,294418.61052379117,1371632.745440245,344748.828398142,1358307.1764675695,416838.6255487989,1364509.3592534033,542206.5156953153
2025-06-16,0.85,2025-05-19,2025-06-15,28,1631871.1431460613,207959.07429087991,1549821.5647412546,230135.00784655972,1486825.7058618094,257829.16054660798,1429255.1783871069,294423.9418656662,1395258.5197402649,344821.4648643087,1384504.1786887858,417094.3261664578,1395123.999899977,542705.9050269614
2025-06-17,0.85,2025-05-20,2025-06-16,28,1647001.9886855867,202871.2906659581,1563936.9261651642,224396.67222167132,1500962.2683394004,252247.70352009148,1443444.2162685092,289268.29053662036,1409766.604688106,339806.98462044867,1399274.8146299873,411726.89890951174,1410094.301911483,536632.2494365551
2025-06-18,0.85,2025-05-21,2025-06-17,28,1651210.8797921822,204866.65167219582,1572700.033944718,227038.06930435036,1516348.9225729734,256036.90201530137,1460315.2051244099,293331.11126146605,1426665.7801995927,343845.2086916009,1416240.248134523,415293.98645926133,1427159.0571894578,539458.7178415849
2025-06-19,0.85,2025-05-22,2025-06-18,28,1662805.1547615607,208136.58980818756,1587452.875003308,231086.40241138838,1533257.782967442,260758.08478057402,1477421.8089252536,297886.4989130067,1443893.4667971265,348268.9669804508,1433571.782461025,419189.80626030394,1444522.1037274436,542548.0163618317
2025-06-20,0.85,2025-05-23,2025-06-19,28,1678457.880716499,213720.84590986787,1603026.1170724717,236475.4932920638,1548825.7754382289,265693.99524287647,1493212.05578659,302954.5625677598,1459785.9046519268,353217.90298426966,1449437.2472636031,423754.84028584306,1460499.9077512382,546371.9223008646
2025-06-21,0.85,2025-05-24,2025-06-20,28,1690701.4614633664,218714.3537331114,1615774.51937379,242054.03606127467,1562095.6403989994,272300.90032385074,1507076.8582385108,310647.3259356096,1473998.7203976049,361391.136327531,1463973.6373159266,431688.85648938373,1475613.2319496681,553628.9643971133
2025-06-22,0.85,2025-05-25,2025-06-21,28,1697165.45554514,212022.72089072666,1622718.7941939482,236367.61987007636,1569460.4286790339,267725.8257762993,1514905.605007694,307277.453462392,1482219.7330737358,359180.1768389734,1472748.8260361878,430630.2302198279,1485010.1632249476,553603.6363421689
2025-06-23,0.85,2025-05-26,2025-06-22,28,1728049.5292380769,211973.0981073933,1651537.1105017737,236308.4323534097,1595656.532929968,267664.91501671594,1535485.26302123,307255.291163642,1496871.5812689436,359187.0246888068,1483324.8936290082,430683.3768819528,1491824.2009226647,552477.3489023213
2025-06-24,0.85,2025-05-27,2025-06-23,28,1717920.2927348665,219523.1398019057,1650494.8584992103,245430.13407368597,1601608.7432633867,278178.4419797139,1551290.4527407554,319875.4909194352,1513704.4074754352,371926.89413349814,1500699.5407163645,443550.6874132609,1509560.3836573283,564964.7578280384
2025-06-25,0.85,2025-05-28,2025-06-24,28,1743467.424270662,214232.5697539201,1674627.9752462343,240100.30484840047,1624024.0905322724,272345.38453016453,1571203.6267853295,313499.1829952608,1531193.515067472,365148.0263568581,1515986.5767566953,436064.64161064115,1525086.6309721114,557315.1782906699
2025-06-26,0.85,2025-05-29,2025-06-25,28,1757114.909927608,222497.08541111147,1692514.01555845,248864.4930470121,1642173.9957842452,281305.90443782293,1589754.3642816609,322698.8854081929,1550108.4224153857,374556.9544231709,1535444.7847738692,445599.84075389325,1544889.5563577292,566370.7225388284
2025-06-27,0.85,2025-05-30,2025-06-26,28,1763616.652974425,229540.89205195307,1706152.4235646308,257072.89317064633,1657250.2865682794,289761.8000164876,1605135.4011966817,331471.6931176296,1565719.236718604,383469.0390414569,1551504.2408093421,454682.9736584138,1561517.373720687,575440.6983039231
2025-06-28,0.85,2025-05-31,2025-06-27,28,1773973.9491784202,234016.6202641815,1717120.0732550435,262521.3833865039,1668591.127579208,295649.5651979012,1616739.1991192724,337633.0577426631,1577720.9119485926,389995.70871226967,1564177.9494855804,461821.5779503541,1574540.2292810197,582328.7705836669
2025-06-29,0.85,2025-06-01,2025-06-28,28,1779914.0148074892,228830.4307963214,1723291.3615938674,257652.0520152076,1675017.2611576272,291218.9274719856,1623568.0367475173,334217.133528517,1585069.8855649792,387872.21986058244,1572186.0307988795,461299.4378773082,1582952.6255415238,582916.4314223416
2025-06-30,0.85,2025-06-02,2025-06-29,28,1723701.3042525304,228936.49382965473,1662287.0485825913,257805.86364220758,1608125.5899385398,291420.91427423555,1549345.1837000926,334466.98105122533,1503457.697642327,388208.3045185824,1484614.993637966,461780.3640804749,1489859.594458646,583663.750569675
2025-07-01,0.85,2025-06-03,2025-06-30,28,1692995.1550791927,231397.3371366218,1637555.513050699,261618.74394618237,1589469.826571597,296613.914627928,1536244.7507925942,340753.09821303346,1495620.3935784448,395381.0388777244,1483573.2761476678,470230.39294922486,1497081.4230542015,593383.7079311637
2025-07-02,0.85,2025-06-04,2025-07-01,28,1684173.228889438,233811.88484532345,1632608.67017223,264756.09177810675,1588757.3594957103,300525.0584249033,1543606.0047703313,346055.424609286,1512737.863133459,402368.50048569974,1499129.8916810602,477118.7811900722,1509796.6473426593,598661.7694911853
2025-07-03,0.85,2025-06-05,2025-07-02,28,1660906.7209520228,241135.8464085704,1615639.2242404178,273357.4159016602,1579614.6350133286,310730.6180540545,1544513.8400398525,357952.76709499076,1520694.056624075,415231.08859222644,1511417.241332692,490695.0848828474,1521953.0953559298,612013.422643926
2025-07-04,0.85,2025-06-06,2025-07-03,28,1658654.9255180664,241296.14471773704,1613378.7807220102,273481.30828811857,1577110.7504664166,310748.4063248044,1542098.7834713762,358137.35417072894,1524194.8922507016,416435.61150972446,1519326.0498702298,493045.26132387505,1529713.6539441347,613502.753559854
2025-07-05,0.85,2025-06-07,2025-07-04,28,1666415.9715780537,256761.54413146543,1621202.9611132173,289317.1614127184,1585215.0094195327,327043.8048500462,1550162.5873454798,374350.60107330105,1532263.444945799,432144.55192999606,1527879.6211614087,508261.9029552131,1538200.275573672,627661.8548403047
2025-07-06,0.85,2025-06-08,2025-07-05,28,1671514.1779373225,266242.7142242507,1626391.4286674084,299023.4609028542,1590571.8914078767,336895.8176908147,1555346.7640049937,384031.67768146977,1537367.141532649,441478.03158129024,1533287.2979793001,518133.20715233806,1543397.0394329675,637110.2569068233
2025-07-07,0.85,2025-06-09,2025-07-06,28,1734729.2836216341,266174.73034925066,1692300.4255196697,298904.7123463959,1658458.7691280844,336735.9980584814,1626676.3314114287,383646.9015593041,1610086.9748083004,440605.71110937453,1597724.8604653783,515613.82482834574,1594841.2250857886,631725.6779445681
2025-07-08,0.85,2025-06-10,2025-07-07,28,1721544.372077829,271255.05040305934,1687366.728848205,305443.25889997045,1660125.7700206265,344784.8966496079,1635628.0620805838,393334.99608790234,1618533.0629410143,450453.473718852,1606580.8527001848,525644.6143564878,1603979.5764097306,641795.7577049375
2025-07-09,0.85,2025-06-11,2025-07-08,28,1728526.2271250954,273717.4637242363,1696763.4367982815,308486.5333004411,1667609.8807391953,348387.996034751,1641054.2989579763,396737.9847103406,1624153.2938785942,453686.4653649569,1613122.7628864716,530811.413993729,1610874.6257224847,647765.7997980238
2025-07-10,0.85,2025-06-12,2025-07-09,28,1702904.3061774978,274509.3153888598,1677192.4215569121,310440.8220418871,1654109.9518837293,351435.311894609,1635056.5649389059,401440.64325726713,1625865.313608732,461568.0786043868,1618675.7297667796,540673.7207191684,1616976.7845252107,658372.5828853088
2025-07-11,0.85,2025-06-13,2025-07-10,28,1703815.0005791595,275872.7376838618,1679573.1581973943,312236.4217594565,1656226.3907767988,353078.2104091066,1636912.89832493,403293.3216572311,1627976.853053738,464115.6286176935,1621505.9230854139,544331.0457322333,1621051.0518097167,663777.853651527
2025-07-12,0.85,2025-06-14,2025-07-11,28,1704403.460455638,269333.05867821537,1680247.2818596784,305782.49270662316,1656971.3901377013,347372.20067937626,1637556.5273738683,398024.34718458704,1628977.6317943728,459565.80842826964,1623021.6652174564,540945.389258615,1623345.1869219244,662103.1998447285
2025-07-13,0.85,2025-06-15,2025-07-12,28,1707797.8264569333,267955.10678537795,1683532.635345418,304001.84254364687,1660016.938772815,344896.6066345789,1640180.0920185903,394554.49653374846,1631654.369204241,455844.9221317163,1626068.9079692056,538307.321823236,1626708.6424442616,660871.7698151557
2025-07-14,0.85,2025-06-16,2025-07-13,28,1677764.334966192,267966.65513537795,1651277.4505209047,304024.3176061468,1624624.4717596883,344916.6606104956,1603563.4880859894,394866.9942614568,1592411.156971161,456770.6502058829,1587542.5951468567,540712.7319713461,1603891.824642227,667928.9066540054
2025-07-15,0.85,2025-06-17,2025-07-14,28,1677279.804141564,267709.0153088347,1650947.5663645444,304270.51889740356,1624325.014477907,345243.94501807896,1602947.4281412247,394624.32663971826,1591916.7864705224,456836.0727508932,1587268.0334693189,541320.5096398662,1603916.439039879,669269.1484064684
2025-07-16,0.85,2025-06-18,2025-07-15,28,1671166.1729733471,266648.5949076793,1648169.2832012044,304159.3922486268,1623582.8975326738,346041.7592202168,1602297.5011475498,395413.3601011174,1591556.7146417822,457889.0735098355,1587238.690689616,543022.640251522,1604363.34310145,671795.07336856
2025-07-17,0.85,2025-06-19,2025-07-16,28,1671435.2863576477,261031.91754466287,1645739.1026782352,298005.07440839894,1620801.137993697,339744.2859341201,1599418.0499508122,389342.5669703304,1588497.606417705,452072.3236560454,1584299.5295644216,537894.7428996098,1601739.655021434,667515.7474629604
2025-07-18,0.8,2025-06-20,2025-07-17,28,1674433.0010491358,254586.9636221492,1644408.6947255922,290801.84952971165,1619322.6993477303,332521.2163738454,1597887.9040312243,382237.9423892758,1587073.041546937,445205.8103127903,1583216.359388811,531628.0142936597,1601006.0914735445,662195.1534061654
2025-07-19,0.8,2025-06-21,2025-07-18,28,1675992.2687277177,245651.13589898986,1645939.5689825353,282175.89388961706,1620760.4638488314,323832.4584243711,1599304.1636855365,373565.844827514,1588617.9339012841,436705.28040325514,1584898.4142597893,523838.6548620806,1602489.168615159,655235.5756393753
2025-07-20,0.8,2025-06-22,2025-07-19,28,1680533.9153011276,244371.81077530052,1650254.3906062373,280327.30630212766,1624809.4668461655,321219.69785535673,1603127.3978357743,370151.9391593118,1592339.3809887655,432563.1946023271,1588697.4690206721,519999.96311946627,1606261.571619836,652017.1476200769
2025-07-21,0.85,2025-06-23,2025-07-20,28,1697575.7819536007,244427.60004196718,1667942.242631652,280401.6662562943,1644772.252619708,321295.42380810675,1625635.8960900824,370190.4013799368,1617364.3390158117,432679.3495155575,1613015.6528618112,520227.5183095398,1626562.2954101749,652044.3005970141
2025-07-22,0.8,2025-06-24,2025-07-21,28,1709232.887802724,237754.8008798972,1671430.6647429198,272533.1570160093,1644488.595847226,312734.2493726047,1625216.3068421232,361746.53192228137,1617044.8539304417,424536.65322490653,1613048.690989332,512855.77721277694,1627017.7907177936,645730.0734788238
2025-07-23,0.8,2025-06-25,2025-07-22,28,1700212.5224938067,238390.21454269762,1661995.5278395582,273027.0656855042,1636757.406135868,313999.74094108,1619973.3560394025,363707.10601134005,1614753.5715199227,427589.11462333245,1613666.25012105,517317.325612992,1627842.1069142749,650762.6114086262
2025-07-24,0.8,2025-06-26,2025-07-23,28,1705920.0157704717,231642.58241469142,1660268.323222951,265222.8922332511,1634614.2872408153,306182.8525610028,1617622.2592649236,355814.928814249,1612380.1762918097,419824.82385803823,1611383.3058413418,510025.9672972615,1625944.5054297333,644439.088864302
2025-07-25,0.8,2025-06-27,2025-07-24,28,1706707.098022002,226255.77170574907,1661199.0868523063,260097.72704496302,1635567.021904946,301078.1291644012,1618459.1979961449,350562.43472691096,1613472.2433946466,414884.7305803511,1612605.125029059,505360.63906815654,1627296.3053139162,640281.6165688494
2025-07-26,0.8,2025-06-28,2025-07-25,28,1710368.9389070175,222932.43783707623,1664786.4243960278,256872.35312778395,1639204.310717543,297995.3195450627,1622005.4281079066,347307.8320653782,1617155.3733313188,411918.2677616011,1616252.5007870551,502669.6236797805,1630719.6763937373,638198.2219035077
2025-07-27,0.8,2025-06-29,2025-07-26,28,1716248.6421739392,224326.0641430968,1670621.4977861007,258215.02032039198,1645077.4850741788,299356.81814850814,1627719.984905156,348021.91153358296,1622714.6732484233,411846.54458528425,1621490.1287098937,501505.85605592455,1635430.3926328977,636285.5903889757
2025-07-28,0.8,2025-06-30,2025-07-27,28,1726022.5017831912,224229.91210976345,1680710.209231471,258083.01402539195,1656825.0200343006,299199.8508554248,1641598.4694988392,347867.68799545796,1635634.8056182286,411685.6357677842,1634178.075246609,501594.5443367887,1653556.7246515958,637584.9467793708
2025-07-29,0.8,2025-07-01,2025-07-28,28,1746065.2638086807,221964.9263301112,1693928.272634468,254408.59578574536,1661870.1783925465,294014.2824037468,1643441.695387227,341860.2785862553,1637897.8754822272,406263.3168612472,1636846.6575346673,496784.8114256293,1656746.1972988523,633689.0644871732
2025-07-30,0.75,2025-07-02,2025-07-29,28,1726738.4466663206,221373.6118523828,1679199.946369435,255148.21423427935,1652101.4586837247,295876.96357432916,1635770.957416649,344683.5941846658,1632098.8288839692,409832.5225944976,1633968.2897155266,501429.23458421824,1656749.4154652276,638991.3258957965
2025-07-31,0.75,2025-07-03,2025-07-30,28,1720679.3278186296,217478.43069239927,1674408.5568706223,251583.34987051136,1648726.1610095445,292420.63270965626,1633481.546498688,341716.93422628194,1630337.1031714643,407138.2388093845,1633159.4661271612,499683.87360071513,1655958.3813009022,636836.086997597
2025-08-01,0.75,2025-07-04,2025-07-31,28,1693888.2791492,219241.0145916256,1652417.3674674586,254480.9913955026,1636076.3981620828,296894.4641171295,1630866.4033845165,348227.13882085757,1629812.530585454,413938.6495773401,1634217.0619515192,506911.82479618996,1657270.2492502844,644102.0258079077
2025-08-02,0.75,2025-07-05,2025-08-01,28,1694310.598758479,228126.16980948707,1652684.296818995,263062.4985234712,1636042.9724822508,304824.6748236419,1630725.972030136,355722.17673165235,1629491.6272444262,420880.00398537575,1633585.2103262583,512792.52727297595,1656837.202710346,650829.0293640773
2025-08-03,0.75,2025-07-06,2025-08-02,28,1696192.9226013971,239054.16603327176,1654442.0173018123,273711.0462729718,1637567.670259879,315089.90410324774,1632127.1072229338,365689.9956813462,1630474.2167963367,429869.7519839251,1633905.8371535782,520153.49720906914,1656958.3478495409,657448.1160452245
2025-08-04,0.75,2025-07-07,2025-08-03,28,1617088.5721348533,239102.3123166051,1577055.3159701787,273772.96141951345,1561616.3986959548,315163.7401071644,1555227.9372088795,365723.53607537656,1552861.0019464975,429924.0286529971,1565200.3999807844,522140.568320779,1603357.9414967562,662921.0938982111
2025-08-05,0.75,2025-07-08,2025-08-04,28,1608396.0795465154,239123.04606465035,1569030.674008353,273829.32977063634,1554537.9686791522,315191.524517685,1548879.786030958,365526.47881894396,1546939.6702675072,429628.9647576165,1558700.280371634,521231.23039991374,1596207.441787564,661678.5617025989
2025-08-06,0.75,2025-07-09,2025-08-05,28,1597128.8683810655,243050.29853903307,1560616.6011074407,278305.22747854993,1547970.799675247,319494.17490768706,1544138.0038451373,369685.383308108,1541686.669447185,433546.4640120486,1552399.331625117,523149.3790210979,1589344.9825603636,662655.6572265023
2025-08-07,0.75,2025-07-10,2025-08-06,28,1599539.9933696382,244771.4492017594,1560341.4615497782,279447.13881741726,1544996.754232333,320166.078088647,1539413.1662608483,369794.03189882555,1536116.8341336513,431769.7473769622,1545857.1593250916,520139.64401474857,1582230.8944265607,659046.8734585867
2025-08-08,0.8,2025-07-11,2025-08-07,28,1595575.0131846133,248526.71138476764,1556452.3746158313,283325.41552415286,1540916.019317019,323730.5353639828,1535226.6034218029,372936.1691724547,1531354.208319073,434252.7937320404,1540636.6814001407,522082.46298887563,1575792.7350612124,659452.7393091875
2025-08-09,0.8,2025-07-12,2025-08-08,28,1592782.5933791897,262181.6562510581,1553201.4887458598,295379.4703011225,1537090.2489113973,333932.96756835317,1530838.359557114,381687.099241256,1526102.8995851988,441524.88349381817,1534792.020731701,528476.0327364404,1568901.5297723154,664334.7250213469
2025-08-10,0.8,2025-07-13,2025-08-09,28,1590980.8415640488,271574.11466540175,1551223.2188620325,304453.104740372,1534915.6041595507,342774.95500624925,1528507.258907202,390287.3780963255,1523302.9424867847,449341.6896195836,1531247.0835240784,534386.7572468498,1564503.1387545823,667663.5344176084
2025-08-11,0.7,2025-07-14,2025-08-10,28,1599348.351911836,271558.09329873504,1563803.2924473637,304428.17838203866,1553368.0783178806,342730.66361458256,1551295.2441241087,389952.3926642422,1551474.249755397,448307.04964125034,1561691.476201237,531693.2256684558,1582034.8315790428,660075.1580123625
2025-08-12,0.7,2025-07-15,2025-08-11,28,1595051.3737149537,272780.8849928883,1560510.3001030476,305743.6859063674,1549841.7602619217,343868.3995659858,1547837.2956103338,391186.5282616778,1547582.1658403035,449049.7707431351,1557341.8262083787,532107.7462793991,1577241.2569385525,660119.4714376165
2025-08-13,0.75,2025-07-16,2025-08-12,28,1602497.3589402419,272324.0849963266,1561280.261185201,304024.7365849173,1547941.4397593427,341407.37090694363,1543038.8779173435,388225.2140067524,1541892.8134910685,445874.3992933223,1551112.3324122303,528509.9257637974,1570718.3707517432,656084.4414784242
2025-08-14,0.75,2025-07-17,2025-08-13,28,1597185.1044686628,272987.8589687567,1558325.5675619182,304912.77108595433,1545053.5423281158,342476.6567535238,1539722.465861502,388922.23231608374,1538435.5985335961,446375.48489619273,1547165.1978587867,528366.3593158216,1566750.7646420384,655864.5195901865
2025-08-15,0.75,2025-07-18,2025-08-14,28,1591919.3141630474,272590.89964642946,1555321.44346572,304965.27067887,1541420.4268869953,342383.6087728582,1535503.9668233874,388399.893294273,1533564.4172545718,445546.35973804456,1541443.6014018136,526721.3540683077,1561080.9960562414,654140.2366241174
2025-08-16,0.75,2025-07-19,2025-08-15,28,1588287.9635585349,279708.76903141895,1551334.227107847,311428.6619496158,1537085.2686983796,348125.7851150804,1530478.1603233994,393051.5853903765,1527699.5177510902,448977.97430174006,1534672.048505309,528850.3140311276,1554628.129843676,656371.6148583507
2025-08-17,0.75,2025-07-20,2025-08-16,28,1586046.4209621297,286570.89015955274,1548947.6363782566,318040.4184745829,1534606.9568442516,354570.3838328397,1527634.0538432475,399056.64626445575,1524376.7440139672,454421.4119638872,1530492.8252820107,532551.018423,1550495.043673824,658690.4056217704
2025-08-18,0.7,2025-07-21,2025-08-17,28,1554517.6545278362,286532.9069095527,1517801.5051600253,317984.76772874955,1503586.717882708,354503.29088133964,1499916.2591713145,398969.98503341415,1501062.4808203662,454226.5978629901,1516890.6904733705,532221.6398925098,1540249.2949129925,657993.2959854185
2025-08-19,0.75,2025-07-22,2025-08-18,28,1539122.7601729818,285989.27840907325,1510187.288624666,318503.0516344677,1499391.6101458743,355489.76342919766,1495047.8965353444,399380.8613619301,1495575.675619502,454165.19653775834,1509974.0705374798,530776.7985274809,1533264.004462331,656467.4732383342
2025-08-20,0.75,2025-07-23,2025-08-19,28,1533315.744259629,286764.7404204663,1506009.4927553977,319379.30122542754,1495035.9358515465,356202.7410763499,1490447.4799235954,399874.7020346333,1490203.735999052,453904.4510136945,1503374.4759142045,529436.6164436595,1526407.291867413,655219.3241627334
2025-08-21,0.8,2025-07-24,2025-08-20,28,1553012.3131872625,285386.685694777,1525156.1065108685,317594.70103150065,1507818.8919986803,352931.4805504014,1494292.0675374353,394908.45343741874,1485729.4066167343,447170.67176449904,1498146.8585409194,521866.40476802475,1519053.4006617076,647252.3613386984
2025-08-22,0.8,2025-07-25,2025-08-21,28,1548816.2124236857,286161.5324488202,1520568.8056614017,317974.38163477584,1502970.6431172832,353280.0740244361,1489349.582736952,395236.26626683737,1480358.7395081215,447083.06461655675,1492189.7617359927,521101.3737647911,1513514.833902295,646768.3148064556
2025-08-23,0.8,2025-07-26,2025-08-22,28,1543666.631263945,281586.00550563715,1515043.792781296,313063.9220929394,1496984.8136585888,347461.00503191457,1482891.9875283272,388632.0833911146,1473061.5792300222,439222.2380119589,1484338.7405344576,512367.1530353575,1505834.6201719404,638127.8136539196
2025-08-24,0.8,2025-07-27,2025-08-23,28,1541248.0367755454,283880.32128661446,1512509.4380284478,315149.6954621106,1494359.1767868302,349416.2462299063,1480076.0511766872,390383.03670319275,1469851.3274760107,440511.0532911379,1480901.444275278,513077.77180336317,1502798.6897032429,638662.1500629713
2025-08-25,0.75,2025-07-28,2025-08-24,28,1512379.970700122,284151.8062866145,1486296.1591586792,315420.4990051106,1470063.5514162986,349676.60434573964,1458996.7045833406,390617.0600936094,1455772.7852654045,440679.4943329712,1474716.321397188,512876.6986032073,1491516.2456980334,637070.5624440763
2025-08-26,0.8,2025-07-29,2025-08-25,28,1524990.2587061692,282777.5080679252,1498424.511151297,313905.2413732608,1482153.0713239843,348057.70285932196,1465238.4753647093,388039.2197875214,1451238.6297036267,435587.938405175,1466302.133738557,506258.7137551703,1483066.8093092158,630496.4903775413
2025-08-27,0.8,2025-07-30,2025-08-26,28,1520016.7814296866,283402.3046609458,1491732.1426498522,313849.15387878957,1475358.1460234718,347493.4669646018,1458107.5806382867,387138.76716536604,1443506.5560011393,434307.797898976,1458078.4735838545,504573.5008733087,1475129.7988219117,629105.951914464
2025-08-28,0.8,2025-07-31,2025-08-27,28,1521198.4999645026,280566.6225990322,1489998.6882352242,310589.43524023506,1469915.2681135237,343625.30363418825,1451864.3433968355,382812.7164985467,1436843.4761678558,429661.83578782587,1450804.5697303033,499216.3289178925,1468070.1293624677,623966.2994544763
2025-08-29,0.8,2025-08-01,2025-08-28,28,1536883.8499086124,278923.8272633532,1501260.077383549,308102.9437878313,1472526.9143205911,339691.6890566369,1446348.3618191693,376996.80437857506,1430904.0509328006,423564.75818129827,1444127.5167298245,492521.04563032713,1461426.2975252802,617449.3748559671
2025-08-30,0.8,2025-08-02,2025-08-29,28,1533610.765897863,269997.6019767489,1497822.5695537496,298767.07723333355,1469139.5100973393,331233.9281861523,1442688.6711139886,368223.5485604989,1426960.7047398528,414605.2787672934,1439913.6470666174,483157.1761215549,1457226.1591068418,607787.4023886538
2025-08-31,0.8,2025-08-03,2025-08-30,28,1532384.081192954,270589.5758914464,1496640.6340142617,299408.71880267665,1467964.38220841,331892.7706009331,1441487.2534786835,368898.29234043206,1425549.5512226587,415022.48592544155,1438434.781205038,483443.93562546285,1456028.463398516,607954.313509268
2025-09-01,0.8,2025-08-04,2025-08-31,28,1567381.0132625145,270699.7509364464,1531622.0460631403,299522.51317842666,1503601.1586241613,332014.5302809331,1480011.8712616125,369059.013787235,1468898.9682778397,415170.03684836964,1478061.0927729101,481507.0100942114,1486101.8740360434,602349.9523484645
2025-09-02,0.8,2025-08-05,2025-09-01,28,1565589.7606511605,279957.100297539,1529927.2023755175,308982.50177218695,1502034.9601797115,341644.70463275106,1478588.1294098834,378902.56467028544,1467386.25687154,424782.3955433593,1476739.0676838786,491283.1975226764,1486410.9762130408,614068.3434203276
2025-09-03,0.8,2025-08-06,2025-09-02,28,1558298.1148841102,279858.2734130781,1522735.8996664044,308784.81827219774,1495053.8200516028,341719.4201232078,1471743.410920691,379194.79425456526,1460501.2295785216,425056.5268494601,1469949.9579794202,491842.36997979,1480812.231014367,616362.1080821137
2025-09-04,0.8,2025-08-07,2025-09-03,28,1546516.2999129219,282945.80438372627,1513557.349069612,312554.4101223556,1488573.7665251945,346293.2911469629,1466585.7127476109,384004.4558665123,1455368.0087593321,429759.33358860214,1464934.871987238,496719.4105839475,1476976.8048578734,622782.9689683359
2025-09-05,0.8,2025-08-08,2025-09-04,28,1540031.3582340803,283662.10953200405,1507285.5606054247,313364.6554992409,1482539.7469990822,347253.57818345464,1460710.8212560206,385024.3294677135,1449539.366807589,430648.3036014807,1459173.8814262967,497671.21365589555,1472401.4851707658,625340.7738745798
2025-09-06,0.8,2025-08-09,2025-09-05,28,1536407.566885271,287695.53915985173,1503759.7628316677,317543.5411632348,1479070.921184603,351434.8503583363,1457336.3917986788,389297.3453652675,1446114.5995842142,434848.3201754723,1455794.7511952124,501728.82003667246,1470030.8673668494,630915.9751789287
2025-09-07,0.8,2025-08-10,2025-09-06,28,1532809.269210393,293925.41753244423,1500222.353177305,323841.43667265866,1475568.744015021,357747.7211252118,1453924.7251526206,395714.1987114892,1442637.4817895768,441137.81554080977,1452451.3842875098,508175.3603778381,1467204.305806494,637999.3259857496
2025-09-08,0.8,2025-08-11,2025-09-07,28,1503139.977211764,294037.14246894425,1469896.198777254,323997.647190867,1445045.4179321525,357970.0067386285,1422769.7738588022,396000.5634044857,1412007.6960074464,441608.16199057107,1420742.7176916413,509114.7335190721,1433732.3556596746,639744.7293378637
2025-09-09,0.8,2025-08-12,2025-09-08,28,1515434.7898977834,292364.1879188341,1473814.59523158,320986.3819904992,1444259.7278752434,354170.2205394114,1418531.2184762668,391587.67300835915,1404220.9865239314,436349.24521441286,1412814.670569256,503489.0694729471,1426364.3378692751,634763.175050416
2025-09-10,0.8,2025-08-13,2025-09-09,28,1500435.661786322,297534.8949489021,1462809.519717436,326858.08429937577,1435185.7265628106,360416.2999625092,1412045.0730158454,397862.73034262867,1398206.4826292684,442442.50325811247,1406885.4779838268,509552.89629800164,1420773.1064221915,641445.2753839643
2025-09-11,0.8,2025-08-14,2025-09-10,28,1527034.0663028383,295006.1554022724,1481530.769033614,322790.8330469447,1445462.5214233166,354498.0121367828,1413723.7932656899,390120.67277913593,1390640.1550803059,432682.54297134496,1398231.151326212,499842.30548947334,1411523.4088592515,632085.5810034581
2025-09-12,0.8,2025-08-15,2025-09-11,28,1519001.2802277105,299634.478008756,1474504.2723384984,327604.93013592827,1438905.6228661442,359380.32666417584,1407552.8236666187,395025.4499076904,1384883.6788590455,437579.6509904787,1393251.8304685866,505519.0220346827,1406519.356380427,637654.1505778768
2025-09-13,0.8,2025-08-16,2025-09-12,28,1511820.266512514,295497.92226376134,1467284.7919060134,323354.5118904632,1431675.8227178762,355049.27452609665,1400303.9175141319,390591.0618838684,1377673.1777865363,433185.80059113924,1386172.9073449704,501061.14021457254,1398859.9554749115,632587.5741458193
2025-09-14,0.8,2025-08-17,2025-09-13,28,1505406.1394720937,295774.46384554525,1460864.3002350621,323647.040426103,1425260.5633309518,355308.79752989917,1393930.097850105,390888.6385370217,1371383.9009708588,433626.0196299159,1380105.0248787208,501876.7379829507,1392331.4058522477,633146.9114512793
2025-09-15,0.8,2025-08-18,2025-09-14,28,1527656.4785834714,295754.3714622119,1483511.7193902358,323625.4268469363,1447795.269406083,355283.05816323246,1416469.8960695702,390860.501262855,1393489.8977591207,433606.62068324926,1398713.724078919,501828.853886159,1414975.1708460278,633019.3605290293
2025-09-16,0.8,2025-08-19,2025-09-15,28,1524328.1882203047,299869.5571301193,1478839.7730005337,327771.0054394004,1442543.3813347172,359491.53078325925,1411409.9731964865,395119.6063045629,1388851.3445294723,437798.2666173377,1395725.3932986874,507619.62744237104,1412169.0801278192,638790.1244847351
2025-09-17,0.8,2025-08-20,2025-09-16,28,1538492.649272587,297431.7869279732,1485433.8276767076,323790.66093874554,1438734.4646554333,353580.4188512274,1402695.3582651129,388334.45645208086,1380572.504377235,431052.994896706,1388675.136536621,502656.6005174068,1405553.5788566784,634031.2341122886
2025-09-18,0.8,2025-08-21,2025-09-17,28,1505025.144873648,298057.4073102428,1456489.2860302762,325231.396324314,1415484.0502465416,356118.09173480043,1388408.5270684618,392501.68927821,1374533.7729983611,437060.9646871299,1383638.5721854426,510189.9590465401,1402827.8620997677,641922.9393691188
2025-09-19,0.8,2025-08-22,2025-09-18,28,1508411.9590178514,295166.7740129671,1451808.1130184522,320881.1993800614,1409107.5726825988,351329.1925911502,1381258.953133501,387862.4205027727,1366702.4466658398,432322.98267323273,1376698.8358829152,507028.4640849376,1395983.1400729194,638987.4660216712
2025-09-20,0.8,2025-08-23,2025-09-19,28,1502666.5468949338,292002.08365187247,1445958.6114849688,317306.62791553925,1403285.0489456984,348161.09416604525,1375414.6276080247,385017.1515907098,1361293.6091549923,431075.4037663003,1371882.025674403,507214.30756487185,1391450.6850922273,639395.408138449
2025-09-21,0.8,2025-08-24,2025-09-20,28,1496480.234443696,290666.3638061255,1439698.0594340034,315909.62313278567,1396990.8185336262,346684.9292305164,1369059.727619471,383438.2486509079,1354955.530522843,429488.0860164011,1365398.9987394074,505782.2471942643,1384987.583920503,638320.439425845
2025-09-22,0.8,2025-08-25,2025-09-21,28,1496287.2930814158,290399.25207279215,1439964.725475222,315633.7151202857,1397549.9702829935,346400.0742055165,1369786.1255878839,383136.1795259079,1354214.5144064815,429175.20074456785,1353646.4970937548,505547.2030606393,1374745.7619151357,639212.3584694788
2025-09-23,0.8,2025-08-26,2025-09-22,28,1470073.326194854,290073.76674187655,1413271.9373868497,315068.23952478153,1371197.0117195551,345885.5201315288,1350869.9815629947,384234.8182455401,1345900.0934653305,432704.8830170658,1348591.9070598525,510004.98103262234,1370228.735174871,644495.0349815467
2025-09-24,0.8,2025-08-27,2025-09-23,28,1478414.4312997863,288074.9692381296,1417165.2834811928,312127.5481950835,1368948.6061358114,341925.73307672737,1345749.8272384852,379508.32659629884,1340153.4531320906,428044.0196723395,1343302.008788021,506345.7559636888,1365407.3793407,641614.8176594294
2025-09-25,0.8,2025-08-28,2025-09-24,28,1470406.198595501,288536.0048049136,1410141.063587821,312203.82730439055,1363424.4139068685,341750.5179745144,1340856.999589174,379268.0334227032,1335585.4172034904,428688.953328965,1339198.9376886133,507916.40233864094,1361745.589000255,643974.2703791526
2025-09-26,0.8,2025-08-29,2025-09-25,28,1446067.0107655278,289320.0124642675,1391557.6355789062,313857.4320287913,1351129.1541930807,344380.4722025155,1335455.9625353003,383120.945595967,1330586.32951567,432950.7678315102,1334812.4824375543,513051.4723992078,1357820.5493156498,649867.3462492689
2025-09-27,0.8,2025-08-30,2025-09-26,28,1440283.88054299,286969.946708928,1385646.482214169,311526.79042802256,1344855.6142206271,340824.5940508518,1329261.4133810187,380141.1857033949,1324602.967389743,430381.823064788,1328920.2697656753,510952.66939824016,1352233.2729162758,648393.6383898365
2025-09-28,0.8,2025-08-31,2025-09-27,28,1434102.2246448856,279410.6496877243,1379435.1060405495,303940.6432043631,1338605.848004138,333159.31171746086,1323056.9161684609,372500.02964323555,1318402.0153842743,422760.18436734355,1322418.8238591345,503047.35149842466,1345741.5439837931,641124.5543086792
2025-09-29,0.8,2025-09-01,2025-09-28,28,1444908.438582845,279252.32835939096,1390975.7038312498,303768.0231242798,1351064.5603206535,332969.3826396275,1335889.2853562667,372255.0509815689,1329270.8713332769,422479.68849017686,1327862.7492815694,502785.60579788295,1341014.6057753623,641037.9520652461
2025-09-30,0.8,2025-09-02,2025-09-29,28,1445390.540296444,264756.0036358765,1388493.2959358145,288284.27951687184,1347438.461350533,316783.285070537,1330888.8020441656,355382.3635541127,1324282.3552760952,405542.38951398554,1323012.7866685009,485958.9524923634,1335550.4801674292,623661.1189755085
2025-10-01,0.8,2025-09-03,2025-09-30,28,1463152.0058622945,258596.8495714444,1399382.7158206508,280416.39547320467,1351081.317941826,307036.2114867973,1331878.6978076857,344476.55540468876,1325574.7118030114,395032.7221508991,1324483.3630689827,476110.4419847739,1336459.9292256276,613134.4225134898
2025-10-02,0.8,2025-09-04,2025-10-01,28,1464403.3537868224,265776.85859760497,1400449.2751322682,287437.0835593904,1351912.4761622667,313736.0812440206,1332711.543451491,351604.75041534466,1326554.140506031,402695.4277983353,1325438.8464702289,483897.74975184846,1336834.40752488,620028.2803147985
2025-10-03,0.8,2025-09-05,2025-10-02,28,1460070.0326892692,261751.69586036215,1395960.9453119016,283065.30826893204,1347182.6288069116,308901.2038347603,1327900.5617251694,346647.5875086575,1321745.1219782215,397748.63252786617,1320405.8562435214,478948.29660911945,1330969.1515611256,614157.071496569
2025-10-04,0.8,2025-09-06,2025-10-03,28,1456422.4295935826,257236.3814420555,1392116.7434619619,278204.3949187453,1343178.0024493388,303773.1446760092,1323827.7335911896,341454.2255388066,1317961.6443879043,393345.8745719669,1316638.7604509657,474902.18482954596,1326770.693799465,609025.7388475307
2025-10-05,0.8,2025-09-07,2025-10-04,28,1453420.2330931022,248558.6329810741,1388978.8488470006,269313.0109613205,1339960.9177482217,294757.30788855243,1320581.363629246,332409.2716229861,1314603.546041063,384139.8255094154,1312816.955580145,465180.7940347784,1322369.2571772386,598825.4560678394
2025-10-06,0.8,2025-09-08,2025-10-05,28,1457693.0131258047,248491.09084040739,1394206.8221226833,269204.4039038621,1346059.6730070065,294612.09090563573,1325754.1034030297,332197.2595485314,1316019.5021356388,383890.68033382075,1315023.1452405194,465542.5687842907,1329301.3556860327,600570.948540604
2025-10-07,0.8,2025-09-09,2025-10-06,28,1439028.0684246472,250068.53438076953,1384177.4615974901,271967.2470755607,1340842.5138909873,297924.33286345983,1324094.6706902129,336048.4891258051,1317965.674767111,388397.5602519049,1317013.22512709,469989.18836203916,1331978.090363141,605859.1444467366
2025-10-08,0.8,2025-09-10,2025-10-07,28,1437771.3680260046,248858.9893456893,1385574.5502759197,270974.01498942234,1342706.538522576,296373.313552324,1325996.8854065482,334317.6213192438,1319864.7889618468,386520.973791623,1318911.3937278383,467945.6970483757,1334542.2459122273,604631.956474111
2025-10-09,0.75,2025-09-11,2025-10-08,28,1402764.5813474867,249177.19482304523,1357113.706588941,272148.3021137418,1322551.7684709576,298659.72013047116,1314535.7935570818,338075.63649961416,1317642.8607856047,392003.0036737506,1317775.3815190655,473324.89869366476,1334772.1832033475,610842.3530143014
2025-10-10,0.75,2025-09-12,2025-10-09,28,1404173.0790718233,245345.0265137078,1357354.466333068,267601.08809979993,1320647.282220714,293253.16302907304,1311906.6126282634,332185.4447459542,1314755.3604592646,385726.3108101807,1314305.3981571363,466191.85449898004,1332045.0655421352,604897.2648548693
2025-10-11,0.75,2025-09-13,2025-10-10,28,1403754.348113506,248908.51604693208,1356799.1390167174,270764.25082721864,1319857.5525093426,296094.71547479834,1311135.6339042743,334956.6926757767,1313895.6306344287,388221.7764294626,1313084.1222507232,467969.1546619349,1332108.3647514386,608324.0190146564
2025-10-12,0.75,2025-09-14,2025-10-11,28,1403127.3606692606,243152.8416082983,1356079.909330432,264803.1736617032,1318961.2542820948,289898.92399945983,1310278.264944679,328761.6432159542,1313002.8969611127,381917.2728520285,1311981.0209043797,461285.19472997606,1331757.460637682,602748.4157849083
2025-10-13,0.75,2025-09-15,2025-10-12,28,1389422.5982111008,243152.8416082983,1343086.8170574296,264803.1736617032,1307512.071346944,289906.0492827932,1299195.9219170779,328788.0931742875,1302930.5882948926,381933.2606853618,1305038.4325628665,461290.63458810106,1310749.4627132197,602828.4432338169
2025-10-14,0.75,2025-09-16,2025-10-13,28,1387792.7570377598,241561.62264266252,1341890.1992214518,262734.11952950363,1306231.1016481924,287098.9370851492,1297896.3350697972,325270.0919175668,1301204.4034323995,377677.69556872605,1302135.7223473438,455528.7791855568,1308425.5406556707,597866.3609698169
2025-10-15,0.75,2025-09-17,2025-10-14,28,1375558.291463443,241919.15854782917,1331896.6400083601,263215.2449041893,1303158.5892293043,287974.18163156277,1298859.2934275288,325854.39291618305,1301509.156116174,378115.7951732404,1301551.8962953738,454182.2892348279,1308544.3017769968,597334.0365771636
2025-10-16,0.75,2025-09-18,2025-10-15,28,1380374.242482458,241021.02881073038,1334693.96056746,261489.0713380103,1302332.5644531338,284946.41915346915,1297499.6874479982,322032.72953428485,1299682.8277643733,373559.1364726149,1298628.0563088234,447805.9093101391,1306163.3940838582,591817.1367115143
2025-10-17,0.85,2025-09-19,2025-10-16,28,1385664.5279571887,241084.59013289705,1343546.7987800953,261628.46374102318,1310021.9104601874,284174.8844541986,1303253.7124606632,320127.69086753327,1302044.4905659382,370730.18247221777,1297726.1231110075,442659.6291337153,1305746.3671605636,587337.1683241286
2025-10-18,0.85,2025-09-20,2025-10-17,28,1386050.8401512774,243981.66217111517,1343826.2493050136,264266.1610390566,1310027.6578188578,286300.96678736,1303177.5431684598,322306.5142884901,1301760.1635221615,371550.1674734856,1296694.5178296287,441612.3909536623,1305328.3813018103,586640.7483211019
2025-10-19,0.85,2025-09-21,2025-10-18,28,1385308.5304586776,243986.30506039094,1343038.3646320584,264196.95904966054,1309033.1358801448,285966.56687625207,1302063.675704878,321771.04425258224,1300617.630903547,370938.61806460907,1295513.1280689451,440826.38618461345,1304631.8271406323,586410.8021285257
2025-10-20,0.75,2025-09-22,2025-10-19,28,1415150.7241244786,243972.02079372425,1373791.852359658,264180.25818716054,1341458.3207734767,285946.04427625204,1336080.9619090185,321747.57829424896,1335771.9201856107,370929.7755207757,1339164.254164775,440730.7180676968,1341862.0940246258,585212.4171328086
2025-10-21,0.75,2025-09-23,2025-10-20,28,1411728.715745576,244339.9490572263,1374326.6414178074,264746.07201080146,1345798.1028740616,286522.60071417486,1340524.8594729777,321456.2448709979,1338342.621706637,369287.89194239705,1340192.8760635464,438316.1801265147,1343802.8773173373,583726.4612903488
2025-10-22,0.75,2025-09-24,2025-10-21,28,1412518.934560672,243937.7567154794,1376505.0812226848,264041.63583513844,1348694.1102996555,285566.8357832397,1341097.4447324036,319541.90193149174,1339702.9353073458,367452.47189588886,1341016.2554442731,435180.26437417156,1345554.3805335506,581434.1528824465
2025-10-23,0.8,2025-09-25,2025-10-22,28,1419744.5345677854,244513.22277412342,1383822.2843978785,264337.5820645952,1355029.3843282717,285644.1895244629,1344348.932760757,318866.75353076897,1340599.7309392982,365222.17778611934,1341223.0863240643,431774.0660582343,1346889.9743956341,579123.4697120823
2025-10-24,0.8,2025-09-26,2025-10-23,28,1417277.1936342518,245351.06878796086,1382752.518025271,264856.6609683297,1356149.0857013988,286253.1714289866,1346501.8328691323,319702.79169576644,1342399.4246695887,365343.77440673456,1342576.4902106042,430954.51516430685,1349321.4918911692,579241.5632383573
2025-10-25,0.8,2025-09-27,2025-10-24,28,1417300.3070663267,246793.8482895,1382812.7448770066,266418.82575212454,1356337.459089336,288069.80943334976,1346639.2536687453,321189.7099637628,1342251.6439539336,366018.8822458992,1342225.385798363,430775.657396634,1350332.9836040845,580314.1117073613
2025-10-26,0.8,2025-09-28,2025-10-25,28,1417047.2758225044,246238.44344513165,1382388.173653466,265605.9717982372,1355762.64680874,287060.72036680754,1345810.8520165177,319814.31876317126,1341269.8764436292,364464.348626928,1341386.8168092542,429367.8095478647,1350628.2007279398,580334.0791999386
2025-10-27,0.8,2025-09-29,2025-10-26,28,1416753.7221305412,246244.614328465,1380436.7932798248,265613.33200602885,1351585.1400781255,287071.6405857242,1339180.2685677602,319824.7381615046,1334706.1032958855,364480.5270962613,1337673.369441502,429344.2358091564,1339771.2376529325,579936.6627076885
2025-10-28,0.8,2025-09-30,2025-10-27,28,1422984.8821291195,249241.45845267485,1386906.1587598652,268502.7732785556,1356351.658186817,289542.0521205236,1341678.727709025,321812.4702836008,1335497.7127495685,365648.4195917263,1338045.9449400918,429925.00372247427,1341343.260119362,581513.5023115221
2025-10-29,0.8,2025-10-01,2025-10-28,28,1411041.9377027992,249314.66118117486,1378263.1982759787,269064.718040748,1354747.1019935033,291344.7711156378,1342520.5645703962,324054.5083982484,1335942.420362215,367027.1861293889,1338008.77453455,430390.06556414097,1342715.1388536561,583195.6138420242
2025-10-30,0.8,2025-10-02,2025-10-29,28,1430860.6920681896,235645.46566680443,1392647.0107152273,253927.66812281843,1363033.8774874052,274714.00667359564,1343497.389908809,305279.06123299635,1336233.388001054,347451.3956740556,1337923.1406605488,410162.523383643,1344091.597278062,564474.2392863008
2025-10-31,0.8,2025-10-03,2025-10-30,28,1439548.7503433179,233904.45648714397,1399814.2708730823,251700.17961638994,1369763.1549843622,272303.5622964156,1350062.0154444403,302337.26949661004,1342680.8649671115,344355.6485733477,1344042.665026268,406273.33037924895,1351722.9386257548,561887.0130694162
2025-11-01,0.8,2025-10-04,2025-10-31,28,1442580.1911636642,221744.49032804315,1403073.8497597005,240361.67195154013,1373226.468329634,261841.79622960906,1353710.442580455,292690.5049293364,1346237.5895583688,334235.74107112555,1347401.7817859275,395441.58711139346,1356562.6366309081,552483.2505798668
2025-11-02,0.8,2025-10-05,2025-11-01,28,1443660.4172792686,214570.53127297733,1404070.5528494033,233132.22585408803,1374056.1496684116,254435.69717878394,1354348.6927832584,285101.3508330581,1346895.3335498523,326782.5500938169,1348343.5450848534,388683.0848228626,1359636.218922458,548959.3010063102
2025-11-03,0.9,2025-10-06,2025-11-02,28,1498520.1915422676,214552.09396047733,1457257.34586918,233107.96302667135,1425127.1219645236,254382.01193161728,1405276.4500016142,285030.10871451645,1399149.0126757787,326542.8896454835,1398327.9126354998,387325.0959099079,1392835.7432230553,545430.8450040983
2025-11-04,0.85,2025-10-07,2025-11-03,28,1511643.198734845,212628.09333394852,1464091.348659593,229926.49468484728,1430517.2577386433,250607.16594309156,1410504.2792426771,280756.0858055555,1404411.837355928,322054.1793344095,1403394.5386082137,382468.3127526419,1400247.2344957602,542821.656001301
2025-11-05,0.8,2025-10-08,2025-11-04,28,1518905.8973032127,210622.64017716047,1470749.326786573,227683.1014049671,1436750.0784140502,248376.2879545998,1415894.0142521602,278190.58380798355,1409287.8925716898,319507.0859393889,1407829.055797735,379267.5032030293,1406898.9306116789,541796.6698148792
2025-11-06,0.8,2025-10-09,2025-11-05,28,1526834.702002156,210710.42125465223,1479950.2303745316,227755.5910315875,1446040.640275961,248472.55724367697,1425209.4312564407,278547.7942874846,1418660.2373027024,319884.18900718726,1416943.0982903363,378997.7076828735,1418355.8230903596,543648.8338996375
2025-11-07,0.8,2025-10-10,2025-11-06,28,1539478.8096681673,209437.835521358,1492580.995637274,226298.70998353453,1459754.3230272664,247120.10704150205,1436682.557988207,276612.8852546091,1427887.0899667628,317490.49968393624,1426071.6558369524,376180.0034799656,1429853.9366278907,542979.904176552
2025-11-08,0.8,2025-10-11,2025-11-07,28,1546930.6624007304,207122.38982489303,1500295.2895834255,224740.6060217444,1467860.599515177,246693.46740402674,1445257.353623627,277042.40931209363,1436902.7611578584,318628.37817215023,1435494.0162055602,377873.8313197918,1441706.876322357,546727.42584809
2025-11-09,0.8,2025-10-12,2025-11-08,28,1549345.9869250988,201456.1762620124,1502596.4426888502,218970.43077418522,1470139.4478660412,240996.5049452119,1447408.2571271,271345.7082074383,1439254.8834607245,313712.87730231485,1438171.788813749,373782.934800533,1447340.1767572304,546590.1208847463
2025-11-10,0.85,2025-10-13,2025-11-09,28,1579845.1633480634,201456.1762620124,1531535.3627993905,218974.38253235188,1496455.983588739,240995.34789854527,1470455.073721409,271332.4846476466,1458183.7065293363,313694.4423006482,1452865.9597809445,373763.8091771164,1452692.6968945249,546607.8155919212
2025-11-11,0.85,2025-10-14,2025-11-10,28,1595266.6308662766,198537.6722317531,1542918.4731184924,215247.61058862295,1505831.1115185258,237164.6614405628,1479897.5677384941,267984.1049173843,1467750.6470051268,310596.54626074067,1462344.8973081228,370300.3860912177,1464671.0929688395,545529.6829536384
2025-11-12,0.85,2025-10-15,2025-11-11,28,1595593.633041559,200408.80607949794,1548517.032559039,218010.02991686112,1514981.2144868826,240753.44517737965,1490107.0336356317,272306.6025447711,1478325.0516224427,314969.1389749506,1472760.41853125,374301.80015719036,1477574.1860531198,551800.0192417208
2025-11-13,0.85,2025-10-16,2025-11-12,28,1595762.748216475,202501.6703229095,1553788.3694779617,221037.48966926028,1524165.5211013549,244728.6349731657,1499724.3709749808,277083.23337549384,1488002.032523215,319636.7170771646,1482289.2749236273,378541.0837627701,1489765.006406635,558653.7910639727
2025-11-14,0.8,2025-10-17,2025-11-13,28,1592656.108378399,203900.67128262552,1554014.9279083465,223415.85930975928,1525809.912571263,247601.39375439816,1503430.657018867,280609.41253627057,1495662.8694094566,323810.5441202243,1492011.0728973625,382825.9303540037,1502241.755487422,565476.1168394799
2025-11-15,0.8,2025-10-18,2025-11-14,28,1599193.669783431,203765.9744402181,1560907.9001646254,223956.3468098565,1533082.9751603338,248759.2424212634,1511083.9212949066,281792.00593225827,1503330.3641878231,324871.7600167778,1499648.8672242302,383779.8774332731,1512844.7947194923,569681.5405922896
2025-11-16,0.8,2025-10-19,2025-11-15,28,1601780.4889799836,195660.23404138273,1563704.9712892382,216522.55106276495,1536132.5428114845,242024.23142044543,1514467.2037554511,275894.10155607515,1506959.561662836,319664.591935786,1503523.1775692601,379286.05577209825,1520217.3148989917,569803.8488677371
2025-11-17,0.8,2025-10-20,2025-11-16,28,1605803.1923601744,195660.23404138273,1565168.8947620464,216522.55106276495,1534581.4797808817,242024.23142044543,1508587.4037384181,275900.4603889918,1499321.5201139166,319698.98027928604,1496074.5676317415,379341.8472662649,1498711.4725742887,569965.7702668204
2025-11-18,0.8,2025-10-21,2025-11-17,28,1603379.9519032254,198683.8802655905,1567260.4226800795,220577.43174425053,1540564.3317236481,246929.54834871908,1515888.064075637,281286.4493420808,1507952.0316029382,325335.9787393951,1506002.838480457,385145.9001143997,1510811.5991329525,577742.4733106475
2025-11-19,0.8,2025-10-22,2025-11-18,28,1601226.2673981632,198956.05425086626,1566991.7874603828,221490.38480304115,1543868.7380694083,248655.03144954934,1523631.9557558198,283826.652636857,1515576.7654988628,327482.9714270103,1513473.4830793105,387050.78547230706,1520560.3180552972,581885.2998127289
2025-11-20,0.8,2025-10-23,2025-11-19,28,1603364.6062521029,197818.9554019218,1566864.0128753956,219954.2963781435,1546537.9113111284,247675.1310093014,1529118.0022662715,283497.872905998,1523101.455804581,327640.5742674198,1520945.7513115518,387029.11660200765,1530139.8608878448,584003.4837625858
2025-11-21,0.8,2025-10-24,2025-11-20,28,1613743.521796333,197457.4261271296,1575551.3683346328,219670.4250045895,1554296.4769531956,247008.33203371498,1536794.6461009623,282745.71587465797,1530768.825498537,326873.2237793807,1528364.313653603,385899.3205972916,1539961.0146176175,585250.4878608016
2025-11-22,0.8,2025-10-25,2025-11-21,28,1621498.4550133583,199978.81347132093,1583482.1612149503,222244.0270425874,1562308.651107798,249817.50939455756,1544770.3503743787,284926.7438211214,1538835.7688670293,329081.3081202335,1536337.4116773172,387936.05461270566,1550160.6858478286,589441.6103476977
2025-11-23,0.8,2025-10-26,2025-11-22,28,1624560.1001509305,194704.58091193822,1586874.378001026,217717.00226592127,1565971.1346757244,245882.47552999278,1548840.6738780653,281846.8305877161,1543321.0948203232,326842.1193486039,1541101.841194419,386427.1613009171,1557889.1665868557,591442.4440052997
2025-11-24,0.8,2025-10-27,2025-11-23,28,1629702.8491657653,194698.41002860488,1591397.9684611862,217706.95583675458,1570489.7348330887,245877.9012883261,1552408.3311580594,281845.5566293827,1545812.1207898224,326839.88460377057,1544048.4608950359,386479.6912015421,1552704.776682495,591638.367521807
2025-11-25,0.8,2025-10-28,2025-11-24,28,1630316.7848060832,193989.1769327839,1592698.580879858,217204.63357932246,1573930.4435641633,245656.88806569233,1558960.884289108,281961.29075863684,1553777.528824125,327157.25384408946,1551919.548016892,386613.1431473971,1562958.95044094,594122.2758821133
2025-11-26,0.8,2025-10-29,2025-11-25,28,1635287.1922799975,194142.05627111724,1600523.0799506987,217701.65892637701,1581599.9489414853,245928.84259645568,1566605.7262476794,282211.75074872945,1561469.746624542,327717.4186119948,1559518.667880865,386871.722787789,1572903.0488859864,596838.0128986698
2025-11-27,0.8,2025-10-30,2025-11-26,28,1624947.6422972546,194913.8106337839,1595524.0228585647,219327.66154419648,1582605.1207158628,248701.68319026128,1574616.283476542,286319.8349876749,1569686.058521613,331761.9566105154,1567619.5314280943,390670.0687269707,1583295.3447811417,602970.2777016574
2025-11-28,0.8,2025-10-31,2025-11-27,28,1631948.863277854,193911.92622247525,1602851.5067559634,218317.54602400662,1589934.7728187756,247723.94673040326,1581876.8601487444,285301.99986694957,1576810.3653641779,330300.0517151842,1574961.1388342243,389476.8790985524,1593073.031875885,604370.9766537973
2025-11-29,0.8,2025-11-01,2025-11-28,28,1638882.347977414,198953.92077909253,1609846.4970117323,223517.03852532816,1596966.5894111835,252604.05745624687,1588874.6703161665,289506.7018499023,1583828.0691513636,334420.88249837543,1582230.2996551322,393881.4276021467,1602745.3787347684,611373.7139334505
2025-11-30,0.8,2025-11-02,2025-11-29,28,1642272.4621636164,193118.3468224485,1613527.913838871,218264.16306525533,1600961.9055785094,247972.6624572736,1593172.7735891673,285435.9639469239,1588492.641129312,331005.33364083426,1587327.641774157,391046.832082303,1610472.6648859363,611206.8273754598
2025-12-01,0.8,2025-11-03,2025-11-30,28,1650947.6921721157,193088.87578911518,1621867.7409886578,218232.15599025533,1609241.2179322098,247942.82880727362,1601213.7668705988,285408.5668219239,1596570.9064714964,330979.9702626676,1593790.1782302684,391015.9669928863,1606722.559567032,611124.0908532932
2025-12-02,0.85,2025-11-04,2025-12-01,28,1687333.7757925615,193213.83133878186,1658920.6022707357,218280.08946768794,1642762.2026840681,247334.4813421697,1629359.9097577727,283569.18003311474,1619500.9929824227,327383.28350365936,1611790.0132596085,386433.5104219254,1615171.7004508555,604884.9163742582
2025-12-03,0.85,2025-11-05,2025-12-02,28,1722953.942146691,190773.92019086416,1689555.5996142102,214632.95901929084,1668223.4532861505,242422.2222600329,1649048.36950011,277291.5374136574,1631847.86204982,319354.73996697634,1622220.9665722756,378487.3310267752,1625910.5559310336,597202.7009155967
2025-12-04,0.85,2025-11-06,2025-12-03,28,1745385.7154280504,190474.7503285164,1706690.2991519766,213440.74372376766,1680294.5727274886,239992.47956114396,1659939.0208835532,273873.58072278544,1642843.475587223,316335.3406043549,1633366.8824458085,375718.31959049846,1637135.0905475395,594309.3317333777
2025-12-05,0.85,2025-11-07,2025-12-04,28,1765532.159994799,191355.87193136825,1725522.6681522736,214074.46275809742,1696928.4115963185,240202.8501510267,1675364.4994428689,274076.6676111265,1655568.9715401307,315955.9833114207,1644659.4652333227,375083.9943278405,1648109.637732109,593393.9845354117
2025-12-06,0.85,2025-11-08,2025-12-05,28,1773836.0185993817,185849.67196752183,1733997.969885099,208664.72955194465,1705441.5197191276,234322.7857989835,1683906.7003416605,268548.53055742534,1664379.2729347288,310677.4684853446,1653828.0503328429,370275.0726703276,1657125.636762869,587967.2515552284
2025-12-07,0.85,2025-11-09,2025-12-06,28,1780904.2448374948,178856.71208169468,1741583.8962090428,202499.58304659487,1713443.206613424,228768.7508709732,1692462.8593257077,263737.3376739069,1673420.934853313,306238.3586909413,1663375.7481181303,366280.10405622266,1666956.258321651,583541.9892983473
2025-12-08,0.85,2025-11-10,2025-12-07,28,1794717.5340584607,178870.6632816947,1754290.5901698451,202515.73634676152,1726025.202191225,228791.87651763982,1704937.3550103887,263755.1882545319,1685369.782136487,306288.9825959413,1674156.8579089579,366410.86343572265,1682063.4505575197,583823.917598264
2025-12-09,0.85,2025-11-11,2025-12-08,28,1798795.0247956924,179697.62537541898,1763367.8315875228,204233.2011974771,1737793.423277742,230786.074363969,1716833.2230861238,265590.8126336394,1697442.5427262296,308304.8128318549,1686473.699151452,368696.71621148044,1693928.9521282667,585390.9725403658
2025-12-10,0.85,2025-11-12,2025-12-09,28,1812681.653030848,180183.13089475024,1776345.1092777443,204805.70692338963,1749904.2042604827,231242.81061982395,1728777.9071043683,265824.8439023225,1709474.872811444,308704.3912426327,1698863.4673028234,369418.1281780308,1705867.7591492916,585340.5348812363
2025-12-11,0.85,2025-11-13,2025-12-10,28,1823849.2796643393,178825.5323534704,1787670.4814865398,203389.2211043629,1761702.5110633036,229865.3084916861,1740489.7411737605,264372.3473578653,1721447.4658983033,307514.2808505463,1711237.7250971263,368676.44874331943,1717634.4522565785,583617.3660661395
2025-12-12,0.85,2025-11-14,2025-12-11,28,1832194.6813125184,181188.01217850333,1797287.0201063408,205672.86450301565,1772780.9390105223,232508.34095753488,1752170.054269167,266996.56840366,1733288.6505086496,310214.0859512912,1723432.0394847568,371719.65089168155,1729034.3759257977,585605.3065445068
2025-12-13,0.85,2025-11-15,2025-12-12,28,1842590.910744059,180813.98393956266,1807821.3145213905,205458.95689132327,1783424.4335197012,232281.3643913559,1762963.005886624,266863.0437010494,1744440.106483891,310510.36507533846,1734993.5856115331,372284.50410374324,1739866.2197613495,584718.1688813238
2025-12-14,0.85,2025-11-16,2025-12-13,28,1852095.8296382765,182780.020304789,1817606.5017150915,207463.99297680578,1793461.6897896305,234344.2992682314,1773311.2726252167,269059.2095924331,1755272.5288674682,313094.9614094599,1746407.3328622992,375341.9240543488,1750922.9106283612,586403.867987686
2025-12-15,0.85,2025-11-17,2025-12-14,28,1855492.6192669955,182780.020304789,1820211.1616547843,207463.99297680578,1795937.3130077997,234348.60420156474,1775870.081464157,269059.9957178498,1755569.9689645208,313057.4022992932,1746024.2163184844,375308.4185874984,1756193.573418865,586307.644945116
2025-12-16,0.85,2025-11-18,2025-12-15,28,1867683.0490704589,180753.7434148487,1830718.5093921237,204971.88640124252,1806496.7320680886,231913.17554335593,1786422.8174620366,266589.95719095937,1766443.1426633012,311029.61301961215,1757193.3642584437,373574.25258576905,1766513.9095597188,583529.8617966601
2025-12-17,0.85,2025-11-19,2025-12-16,28,1874793.703273699,182361.66135705856,1840478.6016441805,206810.2840329637,1818022.6020530208,233798.70728077466,1798741.185444467,269097.7115913606,1778945.216776901,313516.1092975257,1769913.0848524547,376137.4326986184,1778235.6571364533,584748.5392502024
2025-12-18,0.85,2025-11-20,2025-12-17,28,1881733.153252095,185121.27285610177,1852018.1366338949,210446.03254957995,1829772.041345713,237689.0527217257,1810511.3262582887,272849.33350825874,1790931.1403908548,317421.85355128086,1782171.734769456,380174.1238852521,1789523.7463028023,587483.3785118135
2025-12-19,0.85,2025-11-21,2025-12-18,28,1890087.7339060346,186403.50978532815,1861719.441134179,211657.17014411083,1839956.339300486,239299.17196463104,1820828.6427486006,274388.58396369853,1801613.0157016483,319301.81504434877,1793097.5257233912,382186.87663367495,1799313.8473542002,588104.776975867
2025-12-20,0.85,2025-11-22,2025-12-19,28,1900329.9816090367,187807.12485938528,1872122.545984057,213532.84790796787,1850496.6837039355,240859.93776228945,1831591.5978764007,276065.1852893724,1812740.4258782056,321269.9510475124,1804447.133131231,384121.22398748365,1809767.201821647,588573.2094892693
2025-12-21,0.85,2025-11-23,2025-12-20,28,1909243.066771166,190798.2080296569,1881243.2152528018,216586.98561918028,1859879.2449952683,244097.63796019994,1841296.7900456646,279548.9087318132,1822936.2761960097,325135.0744371256,1815040.7884851412,388140.5585465489,1819806.1158629472,591190.184539793
2025-12-22,0.85,2025-11-24,2025-12-21,28,1916382.2268039195,190816.6247296569,1887973.9640955152,216606.69840668028,1866382.6674406617,244114.23821019995,1847349.2627472335,279567.31937764655,1827791.6377385547,325144.0294319589,1820135.8113635606,388091.7548364239,1831167.08224601,591192.8335504554
2025-12-23,0.85,2025-11-25,2025-12-22,28,1926249.720879995,191455.27208685235,1899116.9723718448,217451.8046003845,1877572.4710703334,245153.18134735327,1858975.4156966517,280757.36719444697,1839869.040358795,326673.17898280045,1832341.440781324,389712.9289417732,1842222.2930014736,591581.3738629883
2025-12-24,0.85,2025-11-26,2025-12-23,28,1936948.5330350993,195997.39058841814,1910416.9421362518,222175.4141981232,1889115.7741759988,250092.38776538824,1870716.0101322785,286047.6934973739,1851965.3773920168,332242.49982022645,1844725.494409833,395342.99344981235,1853382.2305270077,595677.9451294101
2025-12-25,0.85,2025-11-27,2025-12-24,28,1946723.4068310014,198165.11217969592,1919849.1803467893,224389.03658523483,1898513.6175781246,252557.0084023769,1880372.5128337787,288646.23766544485,1862185.4016333434,335191.61284937453,1855268.462052344,398540.39781998005,1862664.2053346771,597456.5691191241
2025-12-26,0.85,2025-11-28,2025-12-25,28,1955540.421950729,199254.38778317944,1929219.758954063,225588.59049750955,1908430.8556966924,254084.21146357345,1890592.9385884006,290534.6601870292,1872955.846371258,337596.0703732984,1866115.3737198894,400828.6514081555,1872210.74401673,598178.1850260675
2025-12-27,0.85,2025-11-29,2025-12-26,28,1965157.3449080838,201808.09045319795,1938901.0958831653,228019.79385698226,1918438.2514544227,256963.12998786563,1900952.3343388569,293879.4905985493,1883826.139664853,341398.5491041832,1877136.35609828,404476.3966504857,1882169.8332929364,600219.5755036119
2025-12-28,0.85,2025-11-30,2025-12-27,28,1972987.479585272,207225.60312475555,1946864.570330336,233511.0266371811,1926785.0761211335,262848.4451922967,1909741.9688992063,300213.08601911255,1893197.4379566207,348341.4904682984,1886811.0944083096,411435.55764679116,1891005.5753253056,605544.2831426498
2025-12-29,0.85,2025-12-01,2025-12-28,28,1951220.0973594696,207238.26890808888,1924475.1500795684,233526.5554496811,1902555.327565367,262865.0169172967,1883113.6870183465,300251.01548411255,1864538.034722208,348452.1251441317,1859339.3335442313,411779.51936145785,1879248.2135866866,607666.809947156
2025-12-30,0.8,2025-12-02,2025-12-29,28,1923630.522500207,210930.1912712967,1902278.7322276335,238276.9289651497,1885623.9828976803,268886.8882606959,1871722.3197430274,307555.07742288057,1858480.205917434,357546.2485822511,1858426.511295931,421825.6425011848,1886776.0428164066,617722.3739970758
2025-12-31,0.8,2025-12-03,2025-12-30,28,1900646.0313275529,215108.2050929572,1884753.364533734,243530.09318995115,1873709.8208899356,275244.1990852082,1866488.1280956622,315870.89543210895,1861044.460939352,367359.36945829424,1863334.5923603422,431853.4329919697,1890721.7862121281,626260.3286816467
